Household,Ouside Temperature (F),Climate,Room Temperature (F),Hour,Predicted Consumption - Before Optimization(KWH),Predicted Consumption - After Optmization(KWH),Actual Consumption (KWH),Predicted Price ($/KWH),Actual Price ($/KWH),Cost to the Marketer - Predicted - Before Optimization($),Cost to the Marketer - Predicted - After Optimization($),Cost to the Marketer - Actual($),Cost to the Consumer - Predicted - Before Optimization($),Cost to the Consumer - Predicted - After Optimization($),Cost to the Consumer - Actual($)
House A,42.1,Cold,72,1,,,3.02433,,0.01907,,,,,,
House A,42.1,Cold,72,2,,,2.76362,,0.00558,,,,,,
House A,39.9,Cold,72,3,,,2.57589,,0.03016,,,,,,
House A,39.2,Cold,72,4,,,2.34066,,0.03114,,,,,,
House A,39,Cold,72,5,,,2.20116,,0.0173,,,,,,
House A,37.9,Cold,72,6,,,2.11214,,0.0313,,,,,,
House A,36,Cold,72,7,,,2.08363,,0.0256,,,,,,
House A,42.1,Cold,72,8,,,2.10687,,0.0089,,,,,,
House A,48.9,Cold,72,9,,,2.11286,,0.01887,,,,,,
House A,55.9,Cold,72,10,,,2.33732,,0.0213,,,,,,
House A,62.1,Cold,72,11,,,2.73489,,0.02551,,,,,,
House A,64.9,Cold,72,12,,,3.22105,,0.04746,,,,,,
House A,70,Cold,72,13,5.5990503189,3.79058,3.85127,0.0566,0.05893,0.316906248,0.214546828,0.2269553411,0.5599050319,0.379058,0.385127
House A,72,Cold,72,14,6.0432582427,4.49631,4.37091,0.05665,0.05819,0.3423505794,0.2547159615,0.2543432529,0.6043258243,0.449631,0.437091
House A,73,Cold,72,15,6.2040684175,4.68526,4.75131,0.137071,0.14244,0.8503978621,0.6422132735,0.6767765964,0.6204068418,0.468526,0.475131
House A,73,Cold,72,16,6.7008812809,5.09112,5.16777,0.424417,0.42027,2.8439679306,2.160757877,2.1718586979,0.6700881281,0.509112,0.516777
House A,71.1,Cold,72,17,7.0060563929,5.30079,5.44243,0.534748,0.5295,3.746474644,2.8345868509,2.881766685,0.7006056393,0.530079,0.544243
House A,66.9,Cold,72,18,6.8044121308,5.69498,5.66665,0.137562,0.1276,0.9360285415,0.7834128388,0.72306454,0.6804412131,0.569498,0.566665
House A,64,Cold,72,19,7.3523482159,5.80369,5.6748,0.076781,0.07844,0.5645206484,0.4456131219,0.445131312,0.7352348216,0.580369,0.56748
House A,61,Cold,72,20,7.0221563818,5.51054,5.36264,0.037454,0.04315,0.2630078451,0.2063917652,0.231397916,0.7022156382,0.551054,0.536264
House A,60.1,Cold,72,21,6.9892858259,5.12629,5.17909,0.049864,0.04674,0.3485137484,0.2556173246,0.2420706666,0.6989285826,0.512629,0.517909
House A,64,Cold,72,22,5.6852311437,4.57906,4.58636,0.045292,0.03894,0.257495489,0.2073947855,0.1785928584,0.5685231144,0.457906,0.458636
House A,62.1,Cold,72,23,5.1889849385,3.89994,3.97534,0.041392,0.03589,0.2147824646,0.1614263165,0.1426749526,0.5188984939,0.389994,0.397534
House A,57.2,Cold,72,24,4.7332761481,3.35341,3.34801,0.026455,0.0315,0.1252188205,0.0887144616,0.105462315,0.4733276148,0.335341,0.334801
House A,42.1,Cold,74,1,,,3.17581,,0.01907,,,,,,
House A,42.1,Cold,74,2,,,2.87717,,0.00558,,,,,,
House A,39.9,Cold,74,3,,,2.6642,,0.03016,,,,,,
House A,39.2,Cold,74,4,,,2.46211,,0.03114,,,,,,
House A,39,Cold,74,5,,,2.29109,,0.0173,,,,,,
House A,37.9,Cold,74,6,,,2.16573,,0.0313,,,,,,
House A,36,Cold,74,7,,,2.10846,,0.0256,,,,,,
House A,42.1,Cold,74,8,,,2.1049,,0.0089,,,,,,
House A,48.9,Cold,74,9,,,2.15874,,0.01887,,,,,,
House A,55.9,Cold,74,10,,,2.44432,,0.0213,,,,,,
House A,62.1,Cold,74,11,,,2.96198,,0.02551,,,,,,
House A,64.9,Cold,74,12,,,3.64239,,0.04746,,,,,,
House A,70,Cold,74,13,5.5042924823,4.4056,4.27413,0.0566,0.05893,0.3115429545,0.24935696,0.2518744809,0.5504292482,0.44056,0.427413
House A,72,Cold,74,14,6.0577441774,4.93291,4.76021,0.05665,0.05819,0.3431712076,0.2794493515,0.2769966199,0.6057744177,0.493291,0.476021
House A,73,Cold,74,15,6.5609737784,5.28539,5.05752,0.137071,0.14244,0.8993192368,0.7244736927,0.7203931488,0.6560973778,0.528539,0.505752
House A,73,Cold,74,16,7.05086944,5.32633,5.23249,0.424417,0.42027,2.9925088551,2.2605849996,2.1990585723,0.705086944,0.532633,0.523249
House A,71.1,Cold,74,17,7.148875902,5.54824,5.4025,0.534748,0.5295,3.8228470908,2.9669102435,2.86062375,0.7148875902,0.554824,0.54025
House A,66.9,Cold,74,18,7.0085951942,5.6294,5.52791,0.137562,0.1276,0.9641163721,0.7743915228,0.705361316,0.7008595194,0.56294,0.552791
House A,64,Cold,74,19,6.9014103586,5.40938,5.51421,0.076781,0.07844,0.5298971887,0.4153376058,0.4325346324,0.6901410359,0.540938,0.551421
House A,61,Cold,74,20,6.9506824385,5.11265,5.25087,0.037454,0.04315,0.2603308601,0.1914891931,0.2265750405,0.6950682439,0.511265,0.525087
House A,60.1,Cold,74,21,6.1838865282,5.1145,5.0572,0.049864,0.04674,0.3083533178,0.255029428,0.236373528,0.6183886528,0.51145,0.50572
House A,64,Cold,74,22,5.8127189445,4.52127,4.53567,0.045292,0.03894,0.2632696664,0.2047773608,0.1766189898,0.5812718944,0.452127,0.453567
House A,62.1,Cold,74,23,5.8776871602,4.07803,3.98343,0.041392,0.03589,0.2432892269,0.1687978178,0.1429653027,0.587768716,0.407803,0.398343
House A,57.2,Cold,74,24,4.4509888115,3.43337,3.42737,0.026455,0.0315,0.117750909,0.0908298034,0.107962155,0.4450988812,0.343337,0.342737
House A,42.1,Cold,76,1,,,3.18014,,0.01907,,,,,,
House A,42.1,Cold,76,2,,,2.87209,,0.00558,,,,,,
House A,39.9,Cold,76,3,,,2.69179,,0.03016,,,,,,
House A,39.2,Cold,76,4,,,2.45554,,0.03114,,,,,,
House A,39,Cold,76,5,,,2.29524,,0.0173,,,,,,
House A,37.9,Cold,76,6,,,2.13804,,0.0313,,,,,,
House A,36,Cold,76,7,,,2.09524,,0.0256,,,,,,
House A,42.1,Cold,76,8,,,2.09452,,0.0089,,,,,,
House A,48.9,Cold,76,9,,,2.18311,,0.01887,,,,,,
House A,55.9,Cold,76,10,,,2.41345,,0.0213,,,,,,
House A,62.1,Cold,76,11,,,2.96802,,0.02551,,,,,,
House A,64.9,Cold,76,12,,,3.62019,,0.04746,,,,,,
House A,70,Cold,76,13,6.1653707166,4.14005,4.21761,0.0566,0.05893,0.3489599826,0.23432683,0.2485437573,0.6165370717,0.414005,0.421761
House A,72,Cold,76,14,5.8468211834,4.9369,4.76136,0.05665,0.05819,0.33122242,0.279675385,0.2770635384,0.5846821183,0.49369,0.476136
House A,73,Cold,76,15,6.4702126177,5.07934,5.03608,0.137071,0.14244,0.8868785137,0.6962302131,0.7173392352,0.6470212618,0.507934,0.503608
House A,73,Cold,76,16,6.968634081,5.15363,5.22806,0.424417,0.42027,2.9576067707,2.1872881837,2.1971967762,0.6968634081,0.515363,0.522806
House A,71.1,Cold,76,17,6.5935069284,5.54243,5.40222,0.534748,0.5295,3.5258646429,2.9638033576,2.86047549,0.6593506928,0.554243,0.540222
House A,66.9,Cold,76,18,6.9462308865,5.74086,5.58456,0.137562,0.1276,0.9555374132,0.7897241833,0.712589856,0.6946230886,0.574086,0.558456
House A,64,Cold,76,19,7.388640651,5.63513,5.51544,0.076781,0.07844,0.5673072178,0.4326709165,0.4326311136,0.7388640651,0.563513,0.551544
House A,61,Cold,76,20,6.6240597493,5.32049,5.21646,0.037454,0.04315,0.2480975339,0.1992736325,0.225090249,0.6624059749,0.532049,0.521646
House A,60.1,Cold,76,21,6.4393852135,4.94455,5.00435,0.049864,0.04674,0.3210935043,0.2465550412,0.233903319,0.6439385214,0.494455,0.500435
House A,64,Cold,76,22,5.4608231475,4.43225,4.44415,0.045292,0.03894,0.247331602,0.200745467,0.173055201,0.5460823147,0.443225,0.444415
House A,62.1,Cold,76,23,5.336682292,3.89069,3.88429,0.041392,0.03589,0.2208959534,0.1610434405,0.1394071681,0.5336682292,0.389069,0.388429
House A,57.2,Cold,76,24,4.561143692,3.26626,3.30706,0.026455,0.0315,0.1206650564,0.0864089083,0.10417239,0.4561143692,0.326626,0.330706
House A,93,Hot,72,1,,,3.024,,0.02897,,,,,,
House A,91,Hot,72,2,,,2.76,,0.02519,,,,,,
House A,90,Hot,72,3,,,2.578,,0.02447,,,,,,
House A,91,Hot,72,4,,,2.346,,0.02334,,,,,,
House A,90,Hot,72,5,,,2.198,,0.02317,,,,,,
House A,89.1,Hot,72,6,,,2.11,,0.024,,,,,,
House A,87.1,Hot,72,7,,,2.09,,0.02456,,,,,,
House A,88,Hot,72,8,,,2.1,,0.02522,,,,,,
House A,90,Hot,72,9,,,2.125,,0.02657,,,,,,
House A,93,Hot,72,10,,,2.32,,0.03097,,,,,,
House A,96.1,Hot,72,11,,,2.74,,0.03677,,,,,,
House A,99,Hot,72,12,,,3.215,,0.04418,,,,,,
House A,102.2,Hot,72,13,5.2537357546,3.8,3.862,0.054666,0.05032,0.2872007188,0.2077308,0.19433584,0.5253735755,0.38,0.3862
House A,104,Hot,72,14,5.7278284699,4.5,4.366,0.060644,0.06516,0.3473584297,0.272898,0.28448856,0.572782847,0.45,0.4366
House A,106,Hot,72,15,6.1648958574,4.7,4.763,0.119949,0.12441,0.7394730932,0.5637603,0.59256483,0.6164895857,0.47,0.4763
House A,106,Hot,72,16,6.9466200932,5.1,5.176,0.430906,0.423,2.9933402779,2.1976206,2.189448,0.6946620093,0.51,0.5176
House A,107.1,Hot,72,17,7.2965309517,5.3,5.437,0.535123,0.529,3.9045415324,2.8361519,2.876173,0.7296530952,0.53,0.5437
House A,105.1,Hot,72,18,7.6295538172,5.7,5.664,0.127012,0.13459,0.9690448894,0.7239684,0.76231776,0.7629553817,0.57,0.5664
House A,105.1,Hot,72,19,7.0557401457,5.8,5.688,0.081082,0.07174,0.5720935225,0.4702756,0.40805712,0.7055740146,0.58,0.5688
House A,102.2,Hot,72,20,6.4672617468,5.5,5.357,0.059275,0.05249,0.38334694,0.3260125,0.28118893,0.6467261747,0.55,0.5357
House A,99,Hot,72,21,6.1872430747,5.186,5.171,0.057951,0.04893,0.3585569234,0.300533886,0.25301703,0.6187243075,0.5186,0.5171
House A,99,Hot,72,22,6.4477917289,4.6619,4.596,0.043248,0.04307,0.2788540967,0.2016178512,0.19794972,0.6447791729,0.46619,0.4596
House A,97,Hot,72,23,5.0757020394,3.9215,3.968,0.040821,0.03954,0.207195233,0.1600795515,0.15689472,0.5075702039,0.39215,0.3968
House A,96.1,Hot,72,24,4.5575819216,3.3613,3.362,0.041011,0.03375,0.1869109922,0.1378502743,0.1134675,0.4557581922,0.33613,0.3362
House A,93,Hot,74,1,,,3.173,,0.02897,,,,,,
House A,91,Hot,74,2,,,2.882,,0.02519,,,,,,
House A,90,Hot,74,3,,,2.657,,0.02447,,,,,,
House A,91,Hot,74,4,,,2.451,,0.02334,,,,,,
House A,90,Hot,74,5,,,2.294,,0.02317,,,,,,
House A,89.1,Hot,74,6,,,2.174,,0.024,,,,,,
House A,87.1,Hot,74,7,,,2.101,,0.02456,,,,,,
House A,88,Hot,74,8,,,2.095,,0.02522,,,,,,
House A,90,Hot,74,9,,,2.162,,0.02657,,,,,,
House A,93,Hot,74,10,,,2.427,,0.03097,,,,,,
House A,96.1,Hot,74,11,,,2.965,,0.03677,,,,,,
House A,99,Hot,74,12,,,3.645,,0.04418,,,,,,
House A,102.2,Hot,74,13,5.5104030334,4.401,4.28,0.054666,0.05032,0.3012316922,0.240585066,0.2153696,0.5510403033,0.4401,0.428
House A,104,Hot,74,14,6.1128576206,4.932,4.774,0.060644,0.06516,0.3707081375,0.299096208,0.31107384,0.6112857621,0.4932,0.4774
House A,106,Hot,74,15,6.7063231587,5.301,5.061,0.119949,0.12441,0.8044167566,0.635849649,0.62963901,0.6706323159,0.5301,0.5061
House A,106,Hot,74,16,7.0034291809,5.31,5.244,0.430906,0.423,3.0178196546,2.28811086,2.218212,0.7003429181,0.531,0.5244
House A,107.1,Hot,74,17,6.537552397,5.562,5.397,0.535123,0.529,3.4983946513,2.976354126,2.855013,0.6537552397,0.5562,0.5397
House A,105.1,Hot,74,18,7.3862025916,5.629,5.538,0.127012,0.13459,0.9381363636,0.714950548,0.74535942,0.7386202592,0.5629,0.5538
House A,105.1,Hot,74,19,6.5769913665,5.419,5.521,0.081082,0.07174,0.533275614,0.439383358,0.39607654,0.6576991367,0.5419,0.5521
House A,102.2,Hot,74,20,6.7747801019,5.125,5.246,0.059275,0.05249,0.4015750905,0.303784375,0.27536254,0.6774780102,0.5125,0.5246
House A,99,Hot,74,21,6.0901380409,5.0713,5.06,0.057951,0.04893,0.3529295896,0.2938869063,0.2475858,0.6090138041,0.50713,0.506
House A,99,Hot,74,22,5.5366063878,4.4519,4.535,0.043248,0.04307,0.2394471531,0.1925357712,0.19532245,0.5536606388,0.44519,0.4535
House A,97,Hot,74,23,5.6786776576,3.9353,3.992,0.040821,0.03954,0.2318093007,0.1606428813,0.15784368,0.5678677658,0.39353,0.3992
House A,96.1,Hot,74,24,5.3433050771,3.5011,3.43,0.041011,0.03375,0.2191342845,0.1435836121,0.1157625,0.5343305077,0.35011,0.343
House A,93,Hot,76,1,,,3.192,,0.02897,,,,,,
House A,91,Hot,76,2,,,2.867,,0.02519,,,,,,
House A,90,Hot,76,3,,,2.693,,0.02447,,,,,,
House A,91,Hot,76,4,,,2.457,,0.02334,,,,,,
House A,90,Hot,76,5,,,2.293,,0.02317,,,,,,
House A,89.1,Hot,76,6,,,2.142,,0.024,,,,,,
House A,87.1,Hot,76,7,,,2.093,,0.02456,,,,,,
House A,88,Hot,76,8,,,2.11,,0.02522,,,,,,
House A,90,Hot,76,9,,,2.177,,0.02657,,,,,,
House A,93,Hot,76,10,,,2.41,,0.03097,,,,,,
House A,96.1,Hot,76,11,,,2.967,,0.03677,,,,,,
House A,99,Hot,76,12,,,3.611,,0.04418,,,,,,
House A,102.2,Hot,76,13,5.6037782224,4.143,4.216,0.054666,0.05032,0.3063361403,0.226481238,0.21214912,0.5603778222,0.4143,0.4216
House A,104,Hot,76,14,6.0537108105,4.923,4.751,0.060644,0.06516,0.3671212384,0.298550412,0.30957516,0.6053710811,0.4923,0.4751
House A,106,Hot,76,15,6.9348437164,5.083,5.046,0.119949,0.12441,0.8318275689,0.609700767,0.62777286,0.6934843716,0.5083,0.5046
House A,106,Hot,76,16,7.2006776707,5.145,5.236,0.430906,0.423,3.1028152124,2.21701137,2.214828,0.7200677671,0.5145,0.5236
House A,107.1,Hot,76,17,7.324785495,5.533,5.405,0.535123,0.529,3.9196611884,2.960835559,2.859245,0.7324785495,0.5533,0.5405
House A,105.1,Hot,76,18,6.5836271288,5.749,5.579,0.127012,0.13459,0.8361996489,0.730191988,0.75087761,0.6583627129,0.5749,0.5579
House A,105.1,Hot,76,19,7.0807780288,5.634,5.51,0.081082,0.07174,0.5741236441,0.456815988,0.3952874,0.7080778029,0.5634,0.551
House A,102.2,Hot,76,20,6.5999292546,5.302,5.232,0.059275,0.05249,0.3912108066,0.31427605,0.27462768,0.6599929255,0.5302,0.5232
House A,99,Hot,76,21,6.1872534261,4.9208,4.994,0.057951,0.04893,0.3585575233,0.2851652808,0.24435642,0.6187253426,0.49208,0.4994
House A,99,Hot,76,22,6.0328071556,4.4901,4.447,0.043248,0.04307,0.2609068439,0.1941878448,0.19153229,0.6032807156,0.44901,0.4447
House A,97,Hot,76,23,5.1112982743,3.94,3.88,0.040821,0.03954,0.2086483069,0.16083474,0.1534152,0.5111298274,0.394,0.388
House A,96.1,Hot,76,24,5.0816717668,3.3235,3.306,0.041011,0.03375,0.2084044408,0.1363000585,0.1115775,0.5081671767,0.33235,0.3306
House A,69.1,Normal,72,1,,,3.0147,,0.02801,,,,,,
House A,66.9,Normal,72,2,,,2.76111,,0.01557,,,,,,
House A,64.9,Normal,72,3,,,2.57193,,0.02882,,,,,,
House A,66.2,Normal,72,4,,,2.34087,,0.03295,,,,,,
House A,64,Normal,72,5,,,2.19886,,0.02559,,,,,,
House A,62.6,Normal,72,6,,,2.10914,,0.02597,,,,,,
House A,68,Normal,72,7,,,2.09244,,0.02125,,,,,,
House A,66.9,Normal,72,8,,,2.10651,,0.01583,,,,,,
House A,69.1,Normal,72,9,,,2.12153,,0.01724,,,,,,
House A,72,Normal,72,10,,,2.32735,,0.03097,,,,,,
House A,75.9,Normal,72,11,,,2.7347,,0.03415,,,,,,
House A,80.1,Normal,72,12,,,3.22202,,0.04353,,,,,,
House A,82.9,Normal,72,13,5.6528781326,3.79773,3.85776,0.054117,0.05889,0.3059168059,0.2055217544,0.2271834864,0.5652878133,0.379773,0.385776
House A,84.9,Normal,72,14,5.8300140874,4.50073,4.3688,0.06308,0.06782,0.3677572886,0.2839060484,0.296292016,0.5830014087,0.450073,0.43688
House A,86,Normal,72,15,6.1459535322,4.69485,4.75363,0.142243,0.13435,0.8742188683,0.6678095486,0.6386501905,0.6145953532,0.469485,0.475363
House A,86,Normal,72,16,6.3786118243,5.09873,5.17559,0.42499,0.41882,2.7108462392,2.1669092627,2.1676406038,0.6378611824,0.509873,0.517559
House A,87.1,Normal,72,17,6.8215867211,5.29108,5.43376,0.527543,0.53457,3.5986803236,2.7912722164,2.9047250832,0.6821586721,0.529108,0.543376
House A,86,Normal,72,18,7.2416769982,5.69928,5.66874,0.125703,0.12869,0.9103005237,0.7164165938,0.7295101506,0.7241676998,0.569928,0.566874
House A,81,Normal,72,19,7.6400405427,5.79837,5.68293,0.080257,0.07651,0.6131667338,0.4653597811,0.4348009743,0.7640040543,0.579837,0.568293
House A,77,Normal,72,20,6.403867829,5.50807,5.36037,0.038438,0.0467,0.2461518716,0.2117191947,0.250329279,0.6403867829,0.550807,0.536037
House A,79,Normal,72,21,6.6275421522,5.15421,5.17191,0.037551,0.04682,0.2488708354,0.1935457397,0.2421488262,0.6627542152,0.515421,0.517191
House A,75,Normal,72,22,6.3221387791,4.62337,4.59547,0.034404,0.03477,0.2175068626,0.1590624215,0.1597844919,0.6322138779,0.462337,0.459547
House A,73.9,Normal,72,23,5.8465482923,3.91245,3.97525,0.043842,0.04409,0.2563243702,0.1715296329,0.1752687725,0.5846548292,0.391245,0.397525
House A,72,Normal,72,24,4.8350773448,3.31479,3.35659,0.036362,0.02734,0.1758130824,0.120532394,0.0917691706,0.4835077345,0.331479,0.335659
House A,69.1,Normal,74,1,,,3.17038,,0.02801,,,,,,
House A,66.9,Normal,74,2,,,2.88558,,0.01557,,,,,,
House A,64.9,Normal,74,3,,,2.66123,,0.02882,,,,,,
House A,66.2,Normal,74,4,,,2.45381,,0.03295,,,,,,
House A,64,Normal,74,5,,,2.28967,,0.02559,,,,,,
House A,62.6,Normal,74,6,,,2.16458,,0.02597,,,,,,
House A,68,Normal,74,7,,,2.10402,,0.02125,,,,,,
House A,66.9,Normal,74,8,,,2.09746,,0.01583,,,,,,
House A,69.1,Normal,74,9,,,2.16283,,0.01724,,,,,,
House A,72,Normal,74,10,,,2.43654,,0.03097,,,,,,
House A,75.9,Normal,74,11,,,2.96096,,0.03415,,,,,,
House A,80.1,Normal,74,12,,,3.64619,,0.04353,,,,,,
House A,82.9,Normal,74,13,5.4655106714,4.40283,4.27523,0.054117,0.05889,0.295777041,0.2382679511,0.2517682947,0.5465510671,0.440283,0.427523
House A,84.9,Normal,74,14,6.7430348666,4.92941,4.76701,0.06308,0.06782,0.4253506394,0.3109471828,0.3232986182,0.6743034867,0.492941,0.476701
House A,86,Normal,74,15,6.1475711376,5.29464,5.06668,0.142243,0.13435,0.8744489613,0.7531254775,0.680708458,0.6147571138,0.529464,0.506668
House A,86,Normal,74,16,6.3899561711,5.31653,5.2423,0.42499,0.41882,2.7156674732,2.2594720847,2.195580086,0.6389956171,0.531653,0.52423
House A,87.1,Normal,74,17,6.9201335042,5.55294,5.39805,0.527543,0.53457,3.6506679892,2.9294146264,2.8856355885,0.6920133504,0.555294,0.539805
House A,86,Normal,74,18,6.7317426688,5.61993,5.53789,0.125703,0.12869,0.8462002487,0.7064420608,0.7126710641,0.6731742669,0.561993,0.553789
House A,81,Normal,74,19,6.9938459356,5.41198,5.51706,0.080257,0.07651,0.5613050933,0.4343492789,0.4221102606,0.6993845936,0.541198,0.551706
House A,77,Normal,74,20,6.8863217914,5.12162,5.2487,0.038438,0.0467,0.264696437,0.1968648296,0.24511429,0.6886321791,0.512162,0.52487
House A,79,Normal,74,21,7.0271781096,5.1134,5.0529,0.037551,0.04682,0.2638775652,0.1920132834,0.236576778,0.702717811,0.51134,0.50529
House A,75,Normal,74,22,6.303129583,4.43376,4.53126,0.034404,0.03477,0.2168528702,0.152539079,0.1575519102,0.6303129583,0.443376,0.453126
House A,73.9,Normal,74,23,5.3963150515,3.98964,3.99044,0.043842,0.04409,0.2365852445,0.1749137969,0.1759384996,0.5396315051,0.398964,0.399044
House A,72,Normal,74,24,4.7621148663,3.40019,3.42249,0.036362,0.02734,0.1731600208,0.1236377088,0.0935708766,0.4762114866,0.340019,0.342249
House A,69.1,Normal,76,1,,,3.18475,,0.02801,,,,,,
House A,66.9,Normal,76,2,,,2.87658,,0.01557,,,,,,
House A,64.9,Normal,76,3,,,2.69364,,0.02882,,,,,,
House A,66.2,Normal,76,4,,,2.46534,,0.03295,,,,,,
House A,64,Normal,76,5,,,2.29918,,0.02559,,,,,,
House A,62.6,Normal,76,6,,,2.1424,,0.02597,,,,,,
House A,68,Normal,76,7,,,2.08926,,0.02125,,,,,,
House A,66.9,Normal,76,8,,,2.10266,,0.01583,,,,,,
House A,69.1,Normal,76,9,,,2.18227,,0.01724,,,,,,
House A,72,Normal,76,10,,,2.40933,,0.03097,,,,,,
House A,75.9,Normal,76,11,,,2.97461,,0.03415,,,,,,
House A,80.1,Normal,76,12,,,3.61246,,0.04353,,,,,,
House A,82.9,Normal,76,13,5.6760003005,4.14561,4.21187,0.054117,0.05889,0.3071681083,0.2243479764,0.2480370243,0.56760003,0.414561,0.421187
House A,84.9,Normal,76,14,6.4441394635,4.92774,4.75306,0.06308,0.06782,0.4064963174,0.3108418392,0.3223525292,0.6444139463,0.492774,0.475306
House A,86,Normal,76,15,6.5775578552,5.08816,5.0394,0.142243,0.13435,0.935611562,0.7237551429,0.67704339,0.6577557855,0.508816,0.50394
House A,86,Normal,76,16,6.7665767765,5.15312,5.23352,0.42499,0.41882,2.8757274643,2.1900244688,2.1919028464,0.6766576777,0.515312,0.523352
House A,87.1,Normal,76,17,6.8159144726,5.5395,5.40221,0.527543,0.53457,3.5956879686,2.9223244485,2.8878593997,0.6815914473,0.55395,0.540221
House A,86,Normal,76,18,6.6265777993,5.74166,5.58601,0.125703,0.12869,0.8329807091,0.721743887,0.7188636269,0.6626577799,0.574166,0.558601
House A,81,Normal,76,19,6.8077927973,5.63574,5.5082,0.080257,0.07651,0.5463730265,0.4523075852,0.421432382,0.6807792797,0.563574,0.55082
House A,77,Normal,76,20,6.3985211733,5.31185,5.22265,0.038438,0.0467,0.2459463569,0.2041768903,0.243897755,0.6398521173,0.531185,0.522265
House A,79,Normal,76,21,6.9034297989,4.90782,5.00362,0.037551,0.04682,0.2592306924,0.1842935488,0.2342694884,0.6903429799,0.490782,0.500362
House A,75,Normal,76,22,5.4589844313,4.41019,4.44409,0.034404,0.03477,0.1878109004,0.1517281768,0.1545210093,0.5458984431,0.441019,0.444409
House A,73.9,Normal,76,23,5.4948557854,3.82728,3.88418,0.043842,0.04409,0.2409054673,0.1677956098,0.1712534962,0.5494855785,0.382728,0.388418
House A,72,Normal,76,24,4.5568165178,3.31465,3.30915,0.036362,0.02734,0.1656949622,0.1205273033,0.090472161,0.4556816518,0.331465,0.330915
House B,42.1,Cold,72,1,,,1.00653,,0.01907,,,,,,
House B,42.1,Cold,72,2,,,0.91511,,0.00558,,,,,,
House B,39.9,Cold,72,3,,,0.90258,,0.03016,,,,,,
House B,39.2,Cold,72,4,,,0.91999,,0.03114,,,,,,
House B,39,Cold,72,5,,,0.96115,,0.0173,,,,,,
House B,37.9,Cold,72,6,,,1.00369,,0.0313,,,,,,
House B,36,Cold,72,7,,,1.30306,,0.0256,,,,,,
House B,42.1,Cold,72,8,,,1.43307,,0.0089,,,,,,
House B,48.9,Cold,72,9,,,1.27227,,0.01887,,,,,,
House B,55.9,Cold,72,10,,,1.21865,,0.0213,,,,,,
House B,62.1,Cold,72,11,,,1.19417,,0.02551,,,,,,
House B,64.9,Cold,72,12,,,1.08755,,0.04746,,,,,,
House B,70,Cold,72,13,2.5117245676,1.02895,1.03845,0.0566,0.05893,0.1421636105,0.05823857,0.0611958585,0.2511724568,0.102895,0.103845
House B,72,Cold,72,14,2.7307931385,1.04852,1.03096,0.05665,0.05819,0.1546994313,0.059398658,0.0599915624,0.2730793139,0.104852,0.103096
House B,73,Cold,72,15,1.995986365,0.99147,0.97754,0.137071,0.14244,0.273591847,0.1359017844,0.1392407976,0.1995986365,0.099147,0.097754
House B,73,Cold,72,16,2.1078399552,0.98172,0.98904,0.424417,0.42027,0.8946031103,0.4166586572,0.4156638408,0.2107839955,0.098172,0.098904
House B,71.1,Cold,72,17,2.8867555713,1.03848,1.03135,0.534748,0.5295,1.5436867683,0.555325103,0.546099825,0.2886755571,0.103848,0.103135
House B,66.9,Cold,72,18,2.7652830308,1.27947,1.2651,0.137562,0.1276,0.3803978643,0.1760064521,0.16142676,0.2765283031,0.127947,0.12651
House B,64,Cold,72,19,3.4038861607,1.63439,1.62483,0.076781,0.07844,0.2613537833,0.1254900986,0.1274516652,0.3403886161,0.163439,0.162483
House B,61,Cold,72,20,3.2927979894,1.71632,1.68864,0.037454,0.04315,0.1233284559,0.0642830493,0.072864816,0.3292797989,0.171632,0.168864
House B,60.1,Cold,72,21,3.165678903,1.69235,1.72815,0.049864,0.04674,0.1578534128,0.0843873404,0.080773731,0.3165678903,0.169235,0.172815
House B,64,Cold,72,22,3.2904893022,1.66323,1.61333,0.045292,0.03894,0.1490328415,0.0753310132,0.0628230702,0.3290489302,0.166323,0.161333
House B,62.1,Cold,72,23,2.6728694495,1.2928,1.3832,0.041392,0.03589,0.1106354123,0.0535115776,0.049643048,0.267286945,0.12928,0.13832
House B,57.2,Cold,72,24,3.0871156633,1.07638,1.13738,0.026455,0.0315,0.0816696449,0.0284756329,0.03582747,0.3087115663,0.107638,0.113738
House B,42.1,Cold,74,1,,,1.03843,,0.01907,,,,,,
House B,42.1,Cold,74,2,,,0.93243,,0.00558,,,,,,
House B,39.9,Cold,74,3,,,0.86274,,0.03016,,,,,,
House B,39.2,Cold,74,4,,,0.87319,,0.03114,,,,,,
House B,39,Cold,74,5,,,0.86509,,0.0173,,,,,,
House B,37.9,Cold,74,6,,,0.88487,,0.0313,,,,,,
House B,36,Cold,74,7,,,0.99552,,0.0256,,,,,,
House B,42.1,Cold,74,8,,,1.11349,,0.0089,,,,,,
House B,48.9,Cold,74,9,,,1.2117,,0.01887,,,,,,
House B,55.9,Cold,74,10,,,1.32421,,0.0213,,,,,,
House B,62.1,Cold,74,11,,,1.34735,,0.02551,,,,,,
House B,64.9,Cold,74,12,,,1.32,,0.04746,,,,,,
House B,70,Cold,74,13,3.1920701871,1.35372,1.33524,0.0566,0.05893,0.1806711726,0.076620552,0.0786856932,0.3192070187,0.135372,0.133524
House B,72,Cold,74,14,3.1739123062,1.3284,1.34508,0.05665,0.05819,0.1798021321,0.07525386,0.0782702052,0.3173912306,0.13284,0.134508
House B,73,Cold,74,15,3.03525986,1.33058,1.31482,0.137071,0.14244,0.4160461043,0.1823839312,0.1872829608,0.303525986,0.133058,0.131482
House B,73,Cold,74,16,2.3689899425,1.24523,1.24638,0.424417,0.42027,1.0054396044,0.5284967809,0.5238161226,0.2368989943,0.124523,0.124638
House B,71.1,Cold,74,17,2.3616719644,1.2845,1.29369,0.534748,0.5295,1.2628993596,0.686883806,0.685008855,0.2361671964,0.12845,0.129369
House B,66.9,Cold,74,18,2.4582388159,1.43087,1.40625,0.137562,0.1276,0.338160248,0.1968333389,0.1794375,0.2458238816,0.143087,0.140625
House B,64,Cold,74,19,3.0626929182,1.73042,1.72894,0.076781,0.07844,0.2351566249,0.132863378,0.1356180536,0.3062692918,0.173042,0.172894
House B,61,Cold,74,20,3.6823320598,1.78292,1.80709,0.037454,0.04315,0.137918065,0.0667774857,0.0779759335,0.368233206,0.178292,0.180709
House B,60.1,Cold,74,21,3.530240899,1.81339,1.78529,0.049864,0.04674,0.1760319322,0.090422879,0.0834444546,0.3530240899,0.181339,0.178529
House B,64,Cold,74,22,3.1100305342,1.69979,1.61219,0.045292,0.03894,0.140859503,0.0769868887,0.0627786786,0.3110030534,0.169979,0.161219
House B,62.1,Cold,74,23,3.0580410954,1.49012,1.42992,0.041392,0.03589,0.126578437,0.061679047,0.0513198288,0.3058041095,0.149012,0.142992
House B,57.2,Cold,74,24,3.012427619,1.18834,1.22984,0.026455,0.0315,0.0796937727,0.0314375347,0.03873996,0.3012427619,0.118834,0.122984
House B,42.1,Cold,76,1,,,0.85756,,0.01907,,,,,,
House B,42.1,Cold,76,2,,,0.76228,,0.00558,,,,,,
House B,39.9,Cold,76,3,,,0.69989,,0.03016,,,,,,
House B,39.2,Cold,76,4,,,0.65948,,0.03114,,,,,,
House B,39,Cold,76,5,,,0.65178,,0.0173,,,,,,
House B,37.9,Cold,76,6,,,0.6677,,0.0313,,,,,,
House B,36,Cold,76,7,,,0.71609,,0.0256,,,,,,
House B,42.1,Cold,76,8,,,0.85595,,0.0089,,,,,,
House B,48.9,Cold,76,9,,,1.05789,,0.01887,,,,,,
House B,55.9,Cold,76,10,,,1.13679,,0.0213,,,,,,
House B,62.1,Cold,76,11,,,1.14492,,0.02551,,,,,,
House B,64.9,Cold,76,12,,,1.20284,,0.04746,,,,,,
House B,70,Cold,76,13,2.6679829234,1.23453,1.23319,0.0566,0.05893,0.1510078335,0.069874398,0.0726718867,0.2667982923,0.123453,0.123319
House B,72,Cold,76,14,2.4039772602,1.22033,1.23462,0.05665,0.05819,0.1361853118,0.0691316945,0.0718425378,0.240397726,0.122033,0.123462
House B,73,Cold,76,15,3.0084367643,1.28291,1.28337,0.137071,0.14244,0.4123694357,0.1758497566,0.1828032228,0.3008436764,0.128291,0.128337
House B,73,Cold,76,16,2.9816503563,1.23714,1.26372,0.424417,0.42027,1.2654630993,0.5250632474,0.5311036044,0.2981650356,0.123714,0.126372
House B,71.1,Cold,76,17,2.6941023875,1.28587,1.29007,0.534748,0.5295,1.4406658635,0.6876164108,0.683092065,0.2694102387,0.128587,0.129007
House B,66.9,Cold,76,18,2.9516534758,1.38116,1.37841,0.137562,0.1276,0.4060353554,0.1899951319,0.175885116,0.2951653476,0.138116,0.137841
House B,64,Cold,76,19,3.2429833275,1.51537,1.51647,0.076781,0.07844,0.2489995029,0.116351624,0.1189519068,0.3242983328,0.151537,0.151647
House B,61,Cold,76,20,2.8231144979,1.55543,1.5519,0.037454,0.04315,0.1057369304,0.0582570752,0.066964485,0.2823114498,0.155543,0.15519
House B,60.1,Cold,76,21,2.6980419403,1.57895,1.49905,0.049864,0.04674,0.1345351633,0.0787327628,0.070065597,0.269804194,0.157895,0.149905
House B,64,Cold,76,22,2.7525358401,1.42018,1.42548,0.045292,0.03894,0.1246678533,0.0643227926,0.0555081912,0.275253584,0.142018,0.142548
House B,62.1,Cold,76,23,2.5442473302,1.21902,1.30472,0.041392,0.03589,0.1053114855,0.0504576758,0.0468264008,0.254424733,0.121902,0.130472
House B,57.2,Cold,76,24,2.4797024366,1.2052,1.1612,0.026455,0.0315,0.065600528,0.031883566,0.0365778,0.2479702437,0.12052,0.11612
House B,93,Hot,72,1,,,1.022,,0.02897,,,,,,
House B,91,Hot,72,2,,,0.927,,0.02519,,,,,,
House B,90,Hot,72,3,,,0.906,,0.02447,,,,,,
House B,91,Hot,72,4,,,0.927,,0.02334,,,,,,
House B,90,Hot,72,5,,,0.966,,0.02317,,,,,,
House B,89.1,Hot,72,6,,,1.009,,0.024,,,,,,
House B,87.1,Hot,72,7,,,1.311,,0.02456,,,,,,
House B,88,Hot,72,8,,,1.428,,0.02522,,,,,,
House B,90,Hot,72,9,,,1.267,,0.02657,,,,,,
House B,93,Hot,72,10,,,1.211,,0.03097,,,,,,
House B,96.1,Hot,72,11,,,1.195,,0.03677,,,,,,
House B,99,Hot,72,12,,,1.08,,0.04418,,,,,,
House B,102.2,Hot,72,13,2.1252527973,1.04598,1.051,0.054666,0.05032,0.1161790694,0.0571795427,0.05288632,0.2125252797,0.104598,0.1051
House B,104,Hot,72,14,2.4571204369,1.0443,1.04,0.060644,0.06516,0.1490096118,0.0633305292,0.0677664,0.2457120437,0.10443,0.104
House B,106,Hot,72,15,2.0371198501,1.00383,0.994,0.119949,0.12441,0.2443504889,0.1204084047,0.12366354,0.203711985,0.100383,0.0994
House B,106,Hot,72,16,2.5613810038,0.98125,0.983,0.430906,0.423,1.1037144428,0.4228265125,0.415809,0.2561381004,0.098125,0.0983
House B,107.1,Hot,72,17,2.5358318594,1.03174,1.04,0.535123,0.529,1.3569819521,0.552107804,0.55016,0.2535831859,0.103174,0.104
House B,105.1,Hot,72,18,2.5919113558,1.27358,1.273,0.127012,0.13459,0.3292038451,0.161759943,0.17133307,0.2591911356,0.127358,0.1273
House B,105.1,Hot,72,19,3.2096132896,1.63422,1.632,0.081082,0.07174,0.2602418647,0.132505826,0.11707968,0.320961329,0.163422,0.1632
House B,102.2,Hot,72,20,3.1448024979,1.69817,1.691,0.059275,0.05249,0.1864081681,0.1006590268,0.08876059,0.3144802498,0.169817,0.1691
House B,99,Hot,72,21,3.1408605067,1.7068,1.72,0.057951,0.04893,0.1820160072,0.0989107668,0.0841596,0.3140860507,0.17068,0.172
House B,99,Hot,72,22,2.9783139898,1.5591,1.613,0.043248,0.04307,0.1288061234,0.0674279568,0.06947191,0.297831399,0.15591,0.1613
House B,97,Hot,72,23,3.0352356105,1.3263,1.373,0.040821,0.03954,0.1239013529,0.0541408923,0.05428842,0.303523561,0.13263,0.1373
House B,96.1,Hot,72,24,2.4638152345,1.2003,1.141,0.041011,0.03375,0.1010435266,0.0492255033,0.03850875,0.2463815234,0.12003,0.1141
House B,93,Hot,74,1,,,1.025,,0.02897,,,,,,
House B,91,Hot,74,2,,,0.943,,0.02519,,,,,,
House B,90,Hot,74,3,,,0.864,,0.02447,,,,,,
House B,91,Hot,74,4,,,0.876,,0.02334,,,,,,
House B,90,Hot,74,5,,,0.865,,0.02317,,,,,,
House B,89.1,Hot,74,6,,,0.875,,0.024,,,,,,
House B,87.1,Hot,74,7,,,0.992,,0.02456,,,,,,
House B,88,Hot,74,8,,,1.114,,0.02522,,,,,,
House B,90,Hot,74,9,,,1.22,,0.02657,,,,,,
House B,93,Hot,74,10,,,1.327,,0.03097,,,,,,
House B,96.1,Hot,74,11,,,1.338,,0.03677,,,,,,
House B,99,Hot,74,12,,,1.325,,0.04418,,,,,,
House B,102.2,Hot,74,13,3.0393022653,1.34924,1.34,0.054666,0.05032,0.1661464976,0.0737575538,0.0674288,0.3039302265,0.134924,0.134
House B,104,Hot,74,14,2.503503215,1.32398,1.329,0.060644,0.06516,0.151822449,0.0802914431,0.08659764,0.2503503215,0.132398,0.1329
House B,106,Hot,74,15,2.5069718349,1.32275,1.318,0.119949,0.12441,0.3007087646,0.1586625398,0.16397238,0.2506971835,0.132275,0.1318
House B,106,Hot,74,16,3.0828042052,1.24716,1.255,0.430906,0.423,1.3283988289,0.537408727,0.530865,0.3082804205,0.124716,0.1255
House B,107.1,Hot,74,17,2.6178138612,1.28556,1.288,0.535123,0.529,1.4008524068,0.6879327239,0.681352,0.2617813861,0.128556,0.1288
House B,105.1,Hot,74,18,3.4077669177,1.43108,1.422,0.127012,0.13459,0.4328272918,0.181764333,0.19138698,0.3407766918,0.143108,0.1422
House B,105.1,Hot,74,19,3.6902940599,1.7263,1.733,0.081082,0.07174,0.299216423,0.1399718566,0.12432542,0.369029406,0.17263,0.1733
House B,102.2,Hot,74,20,3.7919301513,1.79341,1.796,0.059275,0.05249,0.2247666597,0.1063043778,0.09427204,0.3791930151,0.179341,0.1796
House B,99,Hot,74,21,3.0150362927,1.6714,1.771,0.057951,0.04893,0.1747243682,0.0968593014,0.08665503,0.3015036293,0.16714,0.1771
House B,99,Hot,74,22,3.5153247872,1.564,1.63,0.043248,0.04307,0.1520307664,0.067639872,0.0702041,0.3515324787,0.1564,0.163
House B,97,Hot,74,23,3.2109495625,1.4023,1.441,0.040821,0.03954,0.1310741721,0.0572432883,0.05697714,0.3210949562,0.14023,0.1441
House B,96.1,Hot,74,24,2.4769170652,1.1927,1.225,0.041011,0.03375,0.1015808458,0.0489138197,0.04134375,0.2476917065,0.11927,0.1225
House B,93,Hot,76,1,,,0.87,,0.02897,,,,,,
House B,91,Hot,76,2,,,0.764,,0.02519,,,,,,
House B,90,Hot,76,3,,,0.68,,0.02447,,,,,,
House B,91,Hot,76,4,,,0.658,,0.02334,,,,,,
House B,90,Hot,76,5,,,0.657,,0.02317,,,,,,
House B,89.1,Hot,76,6,,,0.68,,0.024,,,,,,
House B,87.1,Hot,76,7,,,0.719,,0.02456,,,,,,
House B,88,Hot,76,8,,,0.866,,0.02522,,,,,,
House B,90,Hot,76,9,,,1.039,,0.02657,,,,,,
House B,93,Hot,76,10,,,1.147,,0.03097,,,,,,
House B,96.1,Hot,76,11,,,1.149,,0.03677,,,,,,
House B,99,Hot,76,12,,,1.208,,0.04418,,,,,,
House B,102.2,Hot,76,13,2.4802434048,1.23958,1.238,0.054666,0.05032,0.135584986,0.0677628803,0.06229616,0.2480243405,0.123958,0.1238
House B,104,Hot,76,14,2.352122009,1.2244,1.229,0.060644,0.06516,0.1426420871,0.0742525136,0.08008164,0.2352122009,0.12244,0.1229
House B,106,Hot,76,15,2.803009005,1.27934,1.276,0.119949,0.12441,0.3362181271,0.1534555537,0.15874716,0.2803009005,0.127934,0.1276
House B,106,Hot,76,16,3.1846286771,1.24339,1.253,0.430906,0.423,1.3722756048,0.5357842113,0.530019,0.3184628677,0.124339,0.1253
House B,107.1,Hot,76,17,2.6016402611,1.27722,1.285,0.535123,0.529,1.3921975414,0.6834697981,0.679765,0.2601640261,0.127722,0.1285
House B,105.1,Hot,76,18,3.2382682447,1.37277,1.368,0.127012,0.13459,0.4112989263,0.1743582632,0.18411912,0.3238268245,0.137277,0.1368
House B,105.1,Hot,76,19,2.6152075563,1.50417,1.511,0.081082,0.07174,0.2120462591,0.1219611119,0.10839914,0.2615207556,0.150417,0.1511
House B,102.2,Hot,76,20,3.4228868234,1.55911,1.553,0.059275,0.05249,0.2028916165,0.0924162453,0.08151697,0.3422886823,0.155911,0.1553
House B,99,Hot,76,21,2.6945916874,1.437,1.504,0.057951,0.04893,0.1561542829,0.083275587,0.07359072,0.2694591687,0.1437,0.1504
House B,99,Hot,76,22,3.3259035512,1.3647,1.419,0.043248,0.04307,0.1438386768,0.0590205456,0.06111633,0.3325903551,0.13647,0.1419
House B,97,Hot,76,23,2.7886635027,1.2912,1.309,0.040821,0.03954,0.1138360328,0.0527080752,0.05175786,0.2788663503,0.12912,0.1309
House B,96.1,Hot,76,24,2.5101991883,1.1716,1.169,0.041011,0.03375,0.1029457789,0.0480484876,0.03945375,0.2510199188,0.11716,0.1169
House B,69.1,Normal,72,1,,,1.01431,,0.02801,,,,,,
House B,66.9,Normal,72,2,,,0.91823,,0.01557,,,,,,
House B,64.9,Normal,72,3,,,0.90284,,0.02882,,,,,,
House B,66.2,Normal,72,4,,,0.92427,,0.03295,,,,,,
House B,64,Normal,72,5,,,0.96561,,0.02559,,,,,,
House B,62.6,Normal,72,6,,,1.01188,,0.02597,,,,,,
House B,68,Normal,72,7,,,1.30981,,0.02125,,,,,,
House B,66.9,Normal,72,8,,,1.43566,,0.01583,,,,,,
House B,69.1,Normal,72,9,,,1.2733,,0.01724,,,,,,
House B,72,Normal,72,10,,,1.22054,,0.03097,,,,,,
House B,75.9,Normal,72,11,,,1.1863,,0.03415,,,,,,
House B,80.1,Normal,72,12,,,1.07983,,0.04353,,,,,,
House B,82.9,Normal,72,13,3.0374306404,1.03709,1.04542,0.054117,0.05889,0.164376634,0.0561241995,0.0615647838,0.303743064,0.103709,0.104542
House B,84.9,Normal,72,14,2.0719901958,1.04198,1.03427,0.06308,0.06782,0.1307011416,0.0657280984,0.0701441914,0.2071990196,0.104198,0.103427
House B,86,Normal,72,15,2.0661720271,0.99685,0.9862,0.142243,0.13435,0.2938985076,0.1417949346,0.13249597,0.2066172027,0.099685,0.09862
House B,86,Normal,72,16,2.4862569314,0.98879,0.9894,0.42499,0.41882,1.0566343333,0.4202258621,0.414380508,0.2486256931,0.098879,0.09894
House B,87.1,Normal,72,17,2.8902479291,1.03792,1.0315,0.527543,0.53457,1.5247300633,0.5475474306,0.551408955,0.2890247929,0.103792,0.10315
House B,86,Normal,72,18,2.5713334196,1.28271,1.26894,0.125703,0.12869,0.3232243248,0.1612404951,0.1632998886,0.257133342,0.128271,0.126894
House B,81,Normal,72,19,3.3345485199,1.64068,1.63482,0.080257,0.07651,0.2676208606,0.1316760548,0.1250800782,0.333454852,0.164068,0.163482
House B,77,Normal,72,20,3.6281839129,1.70718,1.69321,0.038438,0.0467,0.1394601332,0.0656205848,0.079072907,0.3628183913,0.170718,0.169321
House B,79,Normal,72,21,2.9878375429,1.81357,1.72887,0.037551,0.04682,0.1121962876,0.0681013671,0.0809456934,0.2987837543,0.181357,0.172887
House B,75,Normal,72,22,3.4659270065,1.54419,1.61719,0.034404,0.03477,0.1192417527,0.0531263128,0.0562296963,0.3465927007,0.154419,0.161719
House B,73.9,Normal,72,23,2.9952524801,1.45652,1.37782,0.043842,0.04409,0.1313178592,0.0638567498,0.0607480838,0.299525248,0.145652,0.137782
House B,72,Normal,72,24,2.744374511,1.23034,1.13734,0.036362,0.02734,0.099790946,0.0447376231,0.0310948756,0.2744374511,0.123034,0.113734
House B,69.1,Normal,74,1,,,1.03136,,0.02801,,,,,,
House B,66.9,Normal,74,2,,,0.93642,,0.01557,,,,,,
House B,64.9,Normal,74,3,,,0.86316,,0.02882,,,,,,
House B,66.2,Normal,74,4,,,0.87643,,0.03295,,,,,,
House B,64,Normal,74,5,,,0.86295,,0.02559,,,,,,
House B,62.6,Normal,74,6,,,0.88046,,0.02597,,,,,,
House B,68,Normal,74,7,,,0.98806,,0.02125,,,,,,
House B,66.9,Normal,74,8,,,1.11509,,0.01583,,,,,,
House B,69.1,Normal,74,9,,,1.2107,,0.01724,,,,,,
House B,72,Normal,74,10,,,1.32976,,0.03097,,,,,,
House B,75.9,Normal,74,11,,,1.34193,,0.03415,,,,,,
House B,80.1,Normal,74,12,,,1.32893,,0.04353,,,,,,
House B,82.9,Normal,74,13,3.1787000672,1.35683,1.33714,0.054117,0.05889,0.1720217115,0.0734275691,0.0787441746,0.3178700067,0.135683,0.133714
House B,84.9,Normal,74,14,2.9892145294,1.32073,1.33778,0.06308,0.06782,0.1885596525,0.0833116484,0.0907282396,0.2989214529,0.132073,0.133778
House B,86,Normal,74,15,3.0178579278,1.32936,1.31723,0.142243,0.13435,0.4292691652,0.1890921545,0.1769698505,0.3017857928,0.132936,0.131723
House B,86,Normal,74,16,3.0539042053,1.23952,1.25472,0.42499,0.41882,1.2978787482,0.5267836048,0.5255018304,0.3053904205,0.123952,0.125472
House B,87.1,Normal,74,17,3.051799807,1.28865,1.28724,0.527543,0.53457,1.6099556256,0.679818287,0.6881198868,0.3051799807,0.128865,0.128724
House B,86,Normal,74,18,3.3398271881,1.4229,1.41312,0.125703,0.12869,0.419826297,0.1788627987,0.1818544128,0.3339827188,0.14229,0.141312
House B,81,Normal,74,19,3.5573266608,1.72208,1.73817,0.080257,0.07651,0.2855003658,0.1382089746,0.1329873867,0.3557326661,0.172208,0.173817
House B,77,Normal,74,20,3.3528775267,1.78342,1.80006,0.038438,0.0467,0.1288779064,0.068551098,0.084062802,0.3352877527,0.178342,0.180006
House B,79,Normal,74,21,3.4830585702,1.682,1.7759,0.037551,0.04682,0.1307923324,0.063160782,0.083147638,0.348305857,0.1682,0.17759
House B,75,Normal,74,22,3.3735264737,1.64166,1.62146,0.034404,0.03477,0.1160628048,0.0564796706,0.0563781642,0.3373526474,0.164166,0.162146
House B,73.9,Normal,74,23,3.3928857988,1.50353,1.43643,0.043842,0.04409,0.1487508992,0.0659177623,0.0633321987,0.3392885799,0.150353,0.143643
House B,72,Normal,74,24,2.925335008,1.16497,1.23177,0.036362,0.02734,0.1063710316,0.0423606391,0.0336765918,0.2925335008,0.116497,0.123177
House B,69.1,Normal,76,1,,,0.86211,,0.02801,,,,,,
House B,66.9,Normal,76,2,,,0.77208,,0.01557,,,,,,
House B,64.9,Normal,76,3,,,0.68995,,0.02882,,,,,,
House B,66.2,Normal,76,4,,,0.6653,,0.03295,,,,,,
House B,64,Normal,76,5,,,0.64733,,0.02559,,,,,,
House B,62.6,Normal,76,6,,,0.67505,,0.02597,,,,,,
House B,68,Normal,76,7,,,0.71039,,0.02125,,,,,,
House B,66.9,Normal,76,8,,,0.8606,,0.01583,,,,,,
House B,69.1,Normal,76,9,,,1.04793,,0.01724,,,,,,
House B,72,Normal,76,10,,,1.14053,,0.03097,,,,,,
House B,75.9,Normal,76,11,,,1.15239,,0.03415,,,,,,
House B,80.1,Normal,76,12,,,1.20038,,0.04353,,,,,,
House B,82.9,Normal,76,13,2.2511570855,1.23702,1.23799,0.054117,0.05889,0.121825868,0.0669438113,0.0729052311,0.2251157085,0.123702,0.123799
House B,84.9,Normal,76,14,2.3329632546,1.21742,1.23509,0.06308,0.06782,0.1471633221,0.0767948536,0.0837638038,0.2332963255,0.121742,0.123509
House B,86,Normal,76,15,2.7029861269,1.27961,1.28302,0.142243,0.13435,0.3844808556,0.1820155652,0.172373737,0.2702986127,0.127961,0.128302
House B,86,Normal,76,16,2.5450514465,1.23908,1.26279,0.42499,0.41882,1.0816214142,0.5265966092,0.5288817078,0.2545051446,0.123908,0.126279
House B,87.1,Normal,76,17,2.4621217178,1.27969,1.28476,0.527543,0.53457,1.2988750774,0.6750915017,0.6867941532,0.2462121718,0.127969,0.128476
House B,86,Normal,76,18,2.6392781212,1.37297,1.37226,0.125703,0.12869,0.3317651777,0.1725864479,0.1765961394,0.2639278121,0.137297,0.137226
House B,81,Normal,76,19,3.4445976676,1.50833,1.52025,0.080257,0.07651,0.276453075,0.1210540408,0.1163143275,0.3444597668,0.150833,0.152025
House B,77,Normal,76,20,3.1837692568,1.56321,1.55765,0.038438,0.0467,0.1223777227,0.060086666,0.072742255,0.3183769257,0.156321,0.155765
House B,79,Normal,76,21,2.5201243109,1.52747,1.49767,0.037551,0.04682,0.094633188,0.057358026,0.0701209094,0.2520124311,0.152747,0.149767
House B,75,Normal,76,22,3.2737976419,1.47015,1.42805,0.034404,0.03477,0.1126317341,0.0505790406,0.0496532985,0.3273797642,0.147015,0.142805
House B,73.9,Normal,76,23,2.767905537,1.22651,1.30221,0.043842,0.04409,0.1213505146,0.0537726514,0.0574144389,0.2767905537,0.122651,0.130221
House B,72,Normal,76,24,3.0057992476,1.11537,1.16427,0.036362,0.02734,0.1092968722,0.0405570839,0.0318311418,0.3005799248,0.111537,0.116427
House C,42.1,Cold,72,1,,,1.81754,,0.01907,,,,,,
House C,42.1,Cold,72,2,,,1.59479,,0.00558,,,,,,
House C,39.9,Cold,72,3,,,1.42846,,0.03016,,,,,,
House C,39.2,Cold,72,4,,,1.2881,,0.03114,,,,,,
House C,39,Cold,72,5,,,1.21383,,0.0173,,,,,,
House C,37.9,Cold,72,6,,,1.19391,,0.0313,,,,,,
House C,36,Cold,72,7,,,1.18394,,0.0256,,,,,,
House C,42.1,Cold,72,8,,,1.29287,,0.0089,,,,,,
House C,48.9,Cold,72,9,,,1.41866,,0.01887,,,,,,
House C,55.9,Cold,72,10,,,1.58646,,0.0213,,,,,,
House C,62.1,Cold,72,11,,,1.76002,,0.02551,,,,,,
House C,64.9,Cold,72,12,,,1.8916,,0.04746,,,,,,
House C,70,Cold,72,13,3.2761313115,2.00995,2.02642,0.0566,0.05893,0.1854290322,0.11376317,0.1194169306,0.3276131312,0.200995,0.202642
House C,72,Cold,72,14,3.4530326038,2.23277,2.2381,0.05665,0.05819,0.195614297,0.1264864205,0.130235039,0.3453032604,0.223277,0.22381
House C,73,Cold,72,15,3.7477538632,2.44139,2.46221,0.137071,0.14244,0.5137083698,0.3346437687,0.3507171924,0.3747753863,0.244139,0.246221
House C,73,Cold,72,16,3.6824934378,2.6369,2.66875,0.424417,0.42027,1.5629128174,1.1191451873,1.1215955625,0.3682493438,0.26369,0.266875
House C,71.1,Cold,72,17,4.2069541952,2.81116,2.81387,0.534748,0.5295,2.249660342,1.5032621877,1.489944165,0.4206954195,0.281116,0.281387
House C,66.9,Cold,72,18,4.4493930511,2.8336,2.83496,0.137562,0.1276,0.6120674069,0.3897956832,0.361740896,0.4449393051,0.28336,0.283496
House C,64,Cold,72,19,4.0966128032,2.82672,2.80796,0.076781,0.07844,0.3145420276,0.2170383883,0.2202563824,0.4096612803,0.282672,0.280796
House C,61,Cold,72,20,4.2195620133,2.65553,2.64262,0.037454,0.04315,0.1580394756,0.0994602206,0.114029053,0.4219562013,0.265553,0.264262
House C,60.1,Cold,72,21,4.2669309839,2.66138,2.62768,0.049864,0.04674,0.2127662466,0.1327070523,0.1228177632,0.4266930984,0.266138,0.262768
House C,64,Cold,72,22,3.7847507125,2.46343,2.52373,0.045292,0.03894,0.1714189293,0.1115736716,0.0982740462,0.3784750712,0.246343,0.252373
House C,62.1,Cold,72,23,3.9368103869,2.28059,2.31709,0.041392,0.03589,0.1629524555,0.0943981813,0.0831603601,0.3936810387,0.228059,0.231709
House C,57.2,Cold,72,24,3.3305874256,2.01373,2.02953,0.026455,0.0315,0.0881106903,0.0532732272,0.063930195,0.3330587426,0.201373,0.202953
House C,42.1,Cold,74,1,,,1.79947,,0.01907,,,,,,
House C,42.1,Cold,74,2,,,1.5827,,0.00558,,,,,,
House C,39.9,Cold,74,3,,,1.43036,,0.03016,,,,,,
House C,39.2,Cold,74,4,,,1.31508,,0.03114,,,,,,
House C,39,Cold,74,5,,,1.23313,,0.0173,,,,,,
House C,37.9,Cold,74,6,,,1.23715,,0.0313,,,,,,
House C,36,Cold,74,7,,,1.43771,,0.0256,,,,,,
House C,42.1,Cold,74,8,,,1.58531,,0.0089,,,,,,
House C,48.9,Cold,74,9,,,1.5274,,0.01887,,,,,,
House C,55.9,Cold,74,10,,,1.59933,,0.0213,,,,,,
House C,62.1,Cold,74,11,,,1.56324,,0.02551,,,,,,
House C,64.9,Cold,74,12,,,1.6915,,0.04746,,,,,,
House C,70,Cold,74,13,3.0512685617,1.90911,1.90769,0.0566,0.05893,0.1727018006,0.108055626,0.1124201717,0.3051268562,0.190911,0.190769
House C,72,Cold,74,14,3.8661870889,2.08792,2.07278,0.05665,0.05819,0.2190194986,0.118280668,0.1206150682,0.3866187089,0.208792,0.207278
House C,73,Cold,74,15,3.9338456843,2.3542,2.36738,0.137071,0.14244,0.5392161618,0.3226925482,0.3372096072,0.3933845684,0.23542,0.236738
House C,73,Cold,74,16,4.55862084,2.69481,2.65964,0.424417,0.42027,1.934756181,1.1437231758,1.1177669028,0.455862084,0.269481,0.265964
House C,71.1,Cold,74,17,4.4971889007,2.9302,2.93413,0.534748,0.5295,2.4048627703,1.5669185896,1.553621835,0.4497188901,0.29302,0.293413
House C,66.9,Cold,74,18,5.0613000426,3.11962,3.11212,0.137562,0.1276,0.6962425565,0.4291411664,0.397106512,0.5061300043,0.311962,0.311212
House C,64,Cold,74,19,4.7648231559,3.15153,3.17518,0.076781,0.07844,0.3658478867,0.2419776249,0.2490611192,0.4764823156,0.315153,0.317518
House C,61,Cold,74,20,3.9128783861,2.87502,2.87769,0.037454,0.04315,0.1465529471,0.1076809991,0.1241723235,0.3912878386,0.287502,0.287769
House C,60.1,Cold,74,21,4.3893466627,2.89698,2.83848,0.049864,0.04674,0.218870382,0.1444550107,0.1326705552,0.4389346663,0.289698,0.283848
House C,64,Cold,74,22,4.628165596,2.78214,2.74444,0.045292,0.03894,0.2096188762,0.1260086849,0.1068684936,0.4628165596,0.278214,0.274444
House C,62.1,Cold,74,23,3.8733770948,2.493,2.4389,0.041392,0.03589,0.1603268247,0.103190256,0.087532121,0.3873377095,0.2493,0.24389
House C,57.2,Cold,74,24,3.205628362,2.02837,2.11397,0.026455,0.0315,0.0848048983,0.0536605284,0.066590055,0.3205628362,0.202837,0.211397
House C,42.1,Cold,76,1,,,1.62225,,0.01907,,,,,,
House C,42.1,Cold,76,2,,,1.41801,,0.00558,,,,,,
House C,39.9,Cold,76,3,,,1.29205,,0.03016,,,,,,
House C,39.2,Cold,76,4,,,1.2103,,0.03114,,,,,,
House C,39,Cold,76,5,,,1.17629,,0.0173,,,,,,
House C,37.9,Cold,76,6,,,1.19566,,0.0313,,,,,,
House C,36,Cold,76,7,,,1.42387,,0.0256,,,,,,
House C,42.1,Cold,76,8,,,1.58608,,0.0089,,,,,,
House C,48.9,Cold,76,9,,,1.44735,,0.01887,,,,,,
House C,55.9,Cold,76,10,,,1.49439,,0.0213,,,,,,
House C,62.1,Cold,76,11,,,1.61132,,0.02551,,,,,,
House C,64.9,Cold,76,12,,,1.77864,,0.04746,,,,,,
House C,70,Cold,76,13,3.4302460831,1.94299,1.95629,0.0566,0.05893,0.1941519283,0.109973234,0.1152841697,0.3430246083,0.194299,0.195629
House C,72,Cold,76,14,3.5578695896,2.12505,2.1456,0.05665,0.05819,0.2015533122,0.1203840825,0.124852464,0.355786959,0.212505,0.21456
House C,73,Cold,76,15,3.9753535164,2.37184,2.38372,0.137071,0.14244,0.5449056819,0.3251104806,0.3395370768,0.3975353516,0.237184,0.238372
House C,73,Cold,76,16,4.4839123284,2.6633,2.65446,0.424417,0.42027,1.9030486187,1.1303497961,1.1155899042,0.4483912328,0.26633,0.265446
House C,71.1,Cold,76,17,4.4401848654,2.92899,2.93958,0.534748,0.5295,2.3743799764,1.5662715445,1.55650761,0.4440184865,0.292899,0.293958
House C,66.9,Cold,76,18,4.2998622569,3.12883,3.13066,0.137562,0.1276,0.5914976518,0.4304081125,0.399472216,0.4299862257,0.312883,0.313066
House C,64,Cold,76,19,5.0979022177,3.22839,3.2468,0.076781,0.07844,0.3914220302,0.2478790126,0.254678992,0.5097902218,0.322839,0.32468
House C,61,Cold,76,20,4.9864890575,3.11042,3.10281,0.037454,0.04315,0.1867639612,0.1164976707,0.1338862515,0.4986489057,0.311042,0.310281
House C,60.1,Cold,76,21,4.19253684,3.00758,3.09358,0.049864,0.04674,0.209056657,0.1499699691,0.1445939292,0.419253684,0.300758,0.309358
House C,64,Cold,76,22,4.347365545,2.90924,2.99324,0.045292,0.03894,0.1969008803,0.1317652981,0.1165567656,0.4347365545,0.290924,0.299324
House C,62.1,Cold,76,23,4.1733552329,2.66954,2.59914,0.041392,0.03589,0.1727435198,0.1104975997,0.0932831346,0.4173355233,0.266954,0.259914
House C,57.2,Cold,76,24,3.6181086304,2.24451,2.14531,0.026455,0.0315,0.0957170638,0.0593785121,0.067577265,0.361810863,0.224451,0.214531
House C,93,Hot,72,1,,,1.813,,0.02897,,,,,,
House C,91,Hot,72,2,,,1.582,,0.02519,,,,,,
House C,90,Hot,72,3,,,1.417,,0.02447,,,,,,
House C,91,Hot,72,4,,,1.288,,0.02334,,,,,,
House C,90,Hot,72,5,,,1.212,,0.02317,,,,,,
House C,89.1,Hot,72,6,,,1.192,,0.024,,,,,,
House C,87.1,Hot,72,7,,,1.192,,0.02456,,,,,,
House C,88,Hot,72,8,,,1.304,,0.02522,,,,,,
House C,90,Hot,72,9,,,1.414,,0.02657,,,,,,
House C,93,Hot,72,10,,,1.597,,0.03097,,,,,,
House C,96.1,Hot,72,11,,,1.75,,0.03677,,,,,,
House C,99,Hot,72,12,,,1.889,,0.04418,,,,,,
House C,102.2,Hot,72,13,3.1953506521,2.02633,2.025,0.054666,0.05032,0.1746770387,0.1107713558,0.101898,0.3195350652,0.202633,0.2025
House C,104,Hot,72,14,3.7818835047,2.23322,2.228,0.060644,0.06516,0.2293485433,0.1354313937,0.14517648,0.3781883505,0.223322,0.2228
House C,106,Hot,72,15,3.771458762,2.44094,2.446,0.119949,0.12441,0.452382707,0.2927883121,0.30430686,0.3771458762,0.244094,0.2446
House C,106,Hot,72,16,4.4687603297,2.64902,2.654,0.430906,0.423,1.9256156386,1.1414786121,1.122642,0.446876033,0.264902,0.2654
House C,107.1,Hot,72,17,4.1887211231,2.80695,2.813,0.535123,0.529,2.2414810135,1.5020635049,1.488077,0.4188721123,0.280695,0.2813
House C,105.1,Hot,72,18,4.037647531,2.83737,2.832,0.127012,0.13459,0.5128296882,0.3603800384,0.38115888,0.4037647531,0.283737,0.2832
House C,105.1,Hot,72,19,4.6006481734,2.83047,2.823,0.081082,0.07174,0.3730297552,0.2295001685,0.20252202,0.4600648173,0.283047,0.2823
House C,102.2,Hot,72,20,4.1834555933,2.65212,2.651,0.059275,0.05249,0.2479743303,0.157204413,0.13915099,0.4183455593,0.265212,0.2651
House C,99,Hot,72,21,4.3264247447,2.6565,2.629,0.057951,0.04893,0.2507206404,0.1539468315,0.12863697,0.4326424745,0.26565,0.2629
House C,99,Hot,72,22,4.2220626232,2.5227,2.528,0.043248,0.04307,0.1825957643,0.1091017296,0.10888096,0.4222062623,0.25227,0.2528
House C,97,Hot,72,23,4.0136205686,2.3283,2.314,0.040821,0.03954,0.1638400052,0.0950435343,0.09149556,0.4013620569,0.23283,0.2314
House C,96.1,Hot,72,24,3.1607957427,1.9592,2.035,0.041011,0.03375,0.1296273942,0.0803487512,0.06868125,0.3160795743,0.19592,0.2035
House C,93,Hot,74,1,,,1.801,,0.02897,,,,,,
House C,91,Hot,74,2,,,1.574,,0.02519,,,,,,
House C,90,Hot,74,3,,,1.423,,0.02447,,,,,,
House C,91,Hot,74,4,,,1.311,,0.02334,,,,,,
House C,90,Hot,74,5,,,1.23,,0.02317,,,,,,
House C,89.1,Hot,74,6,,,1.25,,0.024,,,,,,
House C,87.1,Hot,74,7,,,1.448,,0.02456,,,,,,
House C,88,Hot,74,8,,,1.575,,0.02522,,,,,,
House C,90,Hot,74,9,,,1.533,,0.02657,,,,,,
House C,93,Hot,74,10,,,1.59,,0.03097,,,,,,
House C,96.1,Hot,74,11,,,1.573,,0.03677,,,,,,
House C,99,Hot,74,12,,,1.696,,0.04418,,,,,,
House C,102.2,Hot,74,13,3.1624865806,1.89844,1.904,0.054666,0.05032,0.1728804914,0.103780121,0.09580928,0.3162486581,0.189844,0.1904
House C,104,Hot,74,14,3.1951682376,2.08006,2.075,0.060644,0.06516,0.1937677826,0.1261431586,0.135207,0.3195168238,0.208006,0.2075
House C,106,Hot,74,15,4.0081258134,2.35705,2.362,0.119949,0.12441,0.4807706832,0.2827257905,0.29385642,0.4008125813,0.235705,0.2362
House C,106,Hot,74,16,4.62619969,2.68371,2.677,0.430906,0.423,1.9934572036,1.1564267413,1.132371,0.462619969,0.268371,0.2677
House C,107.1,Hot,74,17,4.2522921813,2.93856,2.945,0.535123,0.529,2.2754993489,1.5724910429,1.557905,0.4252292181,0.293856,0.2945
House C,105.1,Hot,74,18,4.6696319843,3.12659,3.117,0.127012,0.13459,0.5930992976,0.3971144491,0.41951703,0.4669631984,0.312659,0.3117
House C,105.1,Hot,74,19,4.5724318889,3.15258,3.16,0.081082,0.07174,0.3707419224,0.2556174916,0.2266984,0.4572431889,0.315258,0.316
House C,102.2,Hot,74,20,4.0618520135,2.87672,2.883,0.059275,0.05249,0.2407662781,0.170517578,0.15132867,0.4061852013,0.287672,0.2883
House C,99,Hot,74,21,4.5655370201,2.9358,2.842,0.057951,0.04893,0.2645774359,0.1701325458,0.13905906,0.456553702,0.29358,0.2842
House C,99,Hot,74,22,3.8987675216,2.7069,2.738,0.043248,0.04307,0.1686138978,0.1170680112,0.11792566,0.3898767522,0.27069,0.2738
House C,97,Hot,74,23,4.2804373344,2.3574,2.449,0.040821,0.03954,0.1747317324,0.0962314254,0.09683346,0.4280437334,0.23574,0.2449
House C,96.1,Hot,74,24,3.1623830734,2.0899,2.127,0.041011,0.03375,0.1296924922,0.0857088889,0.07178625,0.3162383073,0.20899,0.2127
House C,93,Hot,76,1,,,1.625,,0.02897,,,,,,
House C,91,Hot,76,2,,,1.412,,0.02519,,,,,,
House C,90,Hot,76,3,,,1.296,,0.02447,,,,,,
House C,91,Hot,76,4,,,1.202,,0.02334,,,,,,
House C,90,Hot,76,5,,,1.162,,0.02317,,,,,,
House C,89.1,Hot,76,6,,,1.193,,0.024,,,,,,
House C,87.1,Hot,76,7,,,1.429,,0.02456,,,,,,
House C,88,Hot,76,8,,,1.577,,0.02522,,,,,,
House C,90,Hot,76,9,,,1.454,,0.02657,,,,,,
House C,93,Hot,76,10,,,1.496,,0.03097,,,,,,
House C,96.1,Hot,76,11,,,1.617,,0.03677,,,,,,
House C,99,Hot,76,12,,,1.777,,0.04418,,,,,,
House C,102.2,Hot,76,13,3.6794022105,1.95633,1.95,0.054666,0.05032,0.2011382012,0.1069447358,0.098124,0.3679402211,0.195633,0.195
House C,104,Hot,76,14,3.7582365433,2.14062,2.139,0.060644,0.06516,0.2279144969,0.1298157593,0.13937724,0.3758236543,0.214062,0.2139
House C,106,Hot,76,15,4.1811833489,2.37102,2.381,0.119949,0.12441,0.5015287615,0.284401478,0.29622021,0.4181183349,0.237102,0.2381
House C,106,Hot,76,16,4.4150615,2.66178,2.654,0.430906,0.423,1.9024764907,1.1469769727,1.122642,0.44150615,0.266178,0.2654
House C,107.1,Hot,76,17,4.1513775214,2.93104,2.928,0.535123,0.529,2.2214975934,1.5684669179,1.548912,0.4151377521,0.293104,0.2928
House C,105.1,Hot,76,18,4.8602967794,3.14483,3.148,0.127012,0.13459,0.6173160145,0.399431148,0.42368932,0.4860296779,0.314483,0.3148
House C,105.1,Hot,76,19,4.9424547501,3.23817,3.238,0.081082,0.07174,0.400744116,0.2625572999,0.23229412,0.494245475,0.323817,0.3238
House C,102.2,Hot,76,20,4.5664904514,3.11021,3.116,0.059275,0.05249,0.2706787215,0.1843576978,0.16355884,0.4566490451,0.311021,0.3116
House C,99,Hot,76,21,5.0474840941,3.0858,3.087,0.057951,0.04893,0.2925067507,0.1788251958,0.15104691,0.5047484094,0.30858,0.3087
House C,99,Hot,76,22,4.9539072154,2.9375,2.993,0.043248,0.04307,0.2142465793,0.127041,0.12890851,0.4953907215,0.29375,0.2993
House C,97,Hot,76,23,4.1850111393,2.5392,2.614,0.040821,0.03954,0.1708363397,0.1036526832,0.10335756,0.4185011139,0.25392,0.2614
House C,96.1,Hot,76,24,3.2288758131,2.066,2.135,0.041011,0.03375,0.132419426,0.084728726,0.07205625,0.3228875813,0.2066,0.2135
House C,69.1,Normal,72,1,,,1.81424,,0.02801,,,,,,
House C,66.9,Normal,72,2,,,1.59168,,0.01557,,,,,,
House C,64.9,Normal,72,3,,,1.42385,,0.02882,,,,,,
House C,66.2,Normal,72,4,,,1.29788,,0.03295,,,,,,
House C,64,Normal,72,5,,,1.20808,,0.02559,,,,,,
House C,62.6,Normal,72,6,,,1.18584,,0.02597,,,,,,
House C,68,Normal,72,7,,,1.18234,,0.02125,,,,,,
House C,66.9,Normal,72,8,,,1.29744,,0.01583,,,,,,
House C,69.1,Normal,72,9,,,1.41277,,0.01724,,,,,,
House C,72,Normal,72,10,,,1.59509,,0.03097,,,,,,
House C,75.9,Normal,72,11,,,1.75701,,0.03415,,,,,,
House C,80.1,Normal,72,12,,,1.89308,,0.04353,,,,,,
House C,82.9,Normal,72,13,3.4637683578,2.01985,2.01932,0.054117,0.05889,0.1874487522,0.1093082225,0.1189177548,0.3463768358,0.201985,0.201932
House C,84.9,Normal,72,14,3.7703430435,2.23277,2.23137,0.06308,0.06782,0.2378332392,0.1408431316,0.1513315134,0.3770343044,0.223277,0.223137
House C,86,Normal,72,15,4.2363265351,2.44143,2.45447,0.142243,0.13435,0.6025877953,0.3472763275,0.3297580445,0.4236326535,0.244143,0.245447
House C,86,Normal,72,16,4.0331475758,2.64475,2.65884,0.42499,0.41882,1.7140473882,1.1239923025,1.1135753688,0.4033147576,0.264475,0.265884
House C,87.1,Normal,72,17,3.9651008218,2.81075,2.80866,0.527543,0.53457,2.0917611828,1.4827914873,1.5014253762,0.3965100822,0.281075,0.280866
House C,86,Normal,72,18,4.1163573491,2.83406,2.8278,0.125703,0.12869,0.5174384679,0.3562498442,0.363909582,0.4116357349,0.283406,0.28278
House C,81,Normal,72,19,4.765715313,2.82498,2.81638,0.080257,0.07651,0.3824820139,0.2267244199,0.2154812338,0.4765715313,0.282498,0.281638
House C,77,Normal,72,20,4.5303748806,2.64842,2.64396,0.038438,0.0467,0.1741385497,0.101799968,0.123472932,0.4530374881,0.264842,0.264396
House C,79,Normal,72,21,4.3952775595,2.71283,2.62613,0.037551,0.04682,0.1650470676,0.1018694793,0.1229554066,0.439527756,0.271283,0.262613
House C,75,Normal,72,22,3.6534299585,2.57485,2.53175,0.034404,0.03477,0.1256926043,0.0885851394,0.0880289475,0.3653429958,0.257485,0.253175
House C,73.9,Normal,72,23,3.5743750928,2.235,2.3169,0.043842,0.04409,0.1567077528,0.09798687,0.102152121,0.3574375093,0.2235,0.23169
House C,72,Normal,72,24,3.0848372265,1.9795,2.0341,0.036362,0.02734,0.1121708512,0.071978579,0.055612294,0.3084837227,0.19795,0.20341
House C,69.1,Normal,74,1,,,1.80849,,0.02801,,,,,,
House C,66.9,Normal,74,2,,,1.57981,,0.01557,,,,,,
House C,64.9,Normal,74,3,,,1.42218,,0.02882,,,,,,
House C,66.2,Normal,74,4,,,1.30694,,0.03295,,,,,,
House C,64,Normal,74,5,,,1.23678,,0.02559,,,,,,
House C,62.6,Normal,74,6,,,1.24219,,0.02597,,,,,,
House C,68,Normal,74,7,,,1.44434,,0.02125,,,,,,
House C,66.9,Normal,74,8,,,1.5766,,0.01583,,,,,,
House C,69.1,Normal,74,9,,,1.52468,,0.01724,,,,,,
House C,72,Normal,74,10,,,1.59436,,0.03097,,,,,,
House C,75.9,Normal,74,11,,,1.57048,,0.03415,,,,,,
House C,80.1,Normal,74,12,,,1.68809,,0.04353,,,,,,
House C,82.9,Normal,74,13,3.0238346014,1.9084,1.90374,0.054117,0.05889,0.1636408571,0.1032768828,0.1121112486,0.3023834601,0.19084,0.190374
House C,84.9,Normal,74,14,3.6496097061,2.08671,2.0811,0.06308,0.06782,0.2302173803,0.1316296668,0.141140202,0.3649609706,0.208671,0.20811
House C,86,Normal,74,15,3.9391987044,2.35101,2.35876,0.142243,0.13435,0.5603234413,0.3344147154,0.316899406,0.3939198704,0.235101,0.235876
House C,86,Normal,74,16,4.3252014872,2.69306,2.6691,0.42499,0.41882,1.8381673801,1.1445235694,1.117872462,0.4325201487,0.269306,0.26691
House C,87.1,Normal,74,17,3.9885162139,2.93252,2.94313,0.527543,0.53457,2.104113809,1.5470303984,1.5733090041,0.3988516214,0.293252,0.294313
House C,86,Normal,74,18,5.0429919551,3.12029,3.11026,0.125703,0.12869,0.6339192177,0.3922298139,0.4002593594,0.5042991955,0.312029,0.311026
House C,81,Normal,74,19,4.8690646161,3.14965,3.16734,0.080257,0.07651,0.3907765189,0.2527814601,0.2423331834,0.4869064616,0.314965,0.316734
House C,77,Normal,74,20,4.8751086822,2.87254,2.88238,0.038438,0.0467,0.1873894275,0.1104146925,0.134607146,0.4875108682,0.287254,0.288238
House C,79,Normal,74,21,4.7390263476,2.87656,2.84726,0.037551,0.04682,0.1779551784,0.1080177046,0.1333087132,0.4739026348,0.287656,0.284726
House C,75,Normal,74,22,4.4791631085,2.83098,2.73668,0.034404,0.03477,0.1541011276,0.0973970359,0.0951543636,0.4479163108,0.283098,0.273668
House C,73.9,Normal,74,23,4.0260273156,2.43714,2.44354,0.043842,0.04409,0.1765090896,0.1068490919,0.1077356786,0.4026027316,0.243714,0.244354
House C,72,Normal,74,24,3.8907081496,2.08805,2.12285,0.036362,0.02734,0.1414739297,0.0759256741,0.058038719,0.389070815,0.208805,0.212285
House C,69.1,Normal,76,1,,,1.62094,,0.02801,,,,,,
House C,66.9,Normal,76,2,,,1.41007,,0.01557,,,,,,
House C,64.9,Normal,76,3,,,1.28637,,0.02882,,,,,,
House C,66.2,Normal,76,4,,,1.20211,,0.03295,,,,,,
House C,64,Normal,76,5,,,1.17155,,0.02559,,,,,,
House C,62.6,Normal,76,6,,,1.19582,,0.02597,,,,,,
House C,68,Normal,76,7,,,1.42514,,0.02125,,,,,,
House C,66.9,Normal,76,8,,,1.58529,,0.01583,,,,,,
House C,69.1,Normal,76,9,,,1.44951,,0.01724,,,,,,
House C,72,Normal,76,10,,,1.49094,,0.03097,,,,,,
House C,75.9,Normal,76,11,,,1.62104,,0.03415,,,,,,
House C,80.1,Normal,76,12,,,1.77631,,0.04353,,,,,,
House C,82.9,Normal,76,13,3.6024392112,1.9491,1.94886,0.054117,0.05889,0.1949532028,0.1054794447,0.1147683654,0.3602439211,0.19491,0.194886
House C,84.9,Normal,76,14,4.0812314687,2.13087,2.13697,0.06308,0.06782,0.257444081,0.1344152796,0.1449293054,0.4081231469,0.213087,0.213697
House C,86,Normal,76,15,4.2497580535,2.36315,2.38646,0.142243,0.13435,0.6044983348,0.3361415455,0.320620901,0.4249758053,0.236315,0.238646
House C,86,Normal,76,16,3.984419566,2.6713,2.64636,0.42499,0.41882,1.6933384714,1.135275787,1.1083484952,0.3984419566,0.26713,0.264636
House C,87.1,Normal,76,17,4.0451038287,2.9252,2.92997,0.527543,0.53457,2.1339662091,1.5431687836,1.5662740629,0.4045103829,0.29252,0.292997
House C,86,Normal,76,18,5.0726558146,3.13814,3.13802,0.125703,0.12869,0.6376480539,0.3944736124,0.4038317938,0.5072655815,0.313814,0.313802
House C,81,Normal,76,19,4.73095276,3.23153,3.24425,0.080257,0.07651,0.3796920757,0.2593529032,0.2482175675,0.473095276,0.323153,0.324425
House C,77,Normal,76,20,4.1345547017,3.11453,3.10662,0.038438,0.0467,0.1589240136,0.1197163041,0.145079154,0.4134554702,0.311453,0.310662
House C,79,Normal,76,21,4.1429074691,3.12668,3.08728,0.037551,0.04682,0.1555703184,0.1174099607,0.1445464496,0.4142907469,0.312668,0.308728
House C,75,Normal,76,22,4.4043064369,2.96129,2.99289,0.034404,0.03477,0.1515257587,0.1018802212,0.1040627853,0.4404306437,0.296129,0.299289
House C,73.9,Normal,76,23,3.9251110963,2.54469,2.60499,0.043842,0.04409,0.1720847207,0.111564299,0.1148540091,0.3925111096,0.254469,0.260499
House C,72,Normal,76,24,3.5589787374,2.14781,2.14021,0.036362,0.02734,0.1294115848,0.0780986672,0.0585133414,0.3558978737,0.214781,0.214021
House D,42.1,Cold,72,1,,,2.52035,,0.01907,,,,,,
House D,42.1,Cold,72,2,,,2.23074,,0.00558,,,,,,
House D,39.9,Cold,72,3,,,2.02113,,0.03016,,,,,,
House D,39.2,Cold,72,4,,,1.88,,0.03114,,,,,,
House D,39,Cold,72,5,,,1.73124,,0.0173,,,,,,
House D,37.9,Cold,72,6,,,1.70052,,0.0313,,,,,,
House D,36,Cold,72,7,,,1.63187,,0.0256,,,,,,
House D,42.1,Cold,72,8,,,1.76444,,0.0089,,,,,,
House D,48.9,Cold,72,9,,,1.87808,,0.01887,,,,,,
House D,55.9,Cold,72,10,,,2.14497,,0.0213,,,,,,
House D,62.1,Cold,72,11,,,2.56689,,0.02551,,,,,,
House D,64.9,Cold,72,12,,,3.03108,,0.04746,,,,,,
House D,70,Cold,72,13,4.7689171682,3.44731,3.42953,0.05217,0.05893,0.2487944087,0.1798461627,0.2021022029,0.4768917168,0.344731,0.342953
House D,72,Cold,72,14,5.0222768833,3.78667,3.80044,0.61268,0.05819,3.0770486009,2.3200169756,0.2211476036,0.5022276883,0.378667,0.380044
House D,73,Cold,72,15,5.7833232847,4.03513,4.05374,0.09715,0.14244,0.5618498571,0.3920128795,0.5774147256,0.5783323285,0.403513,0.405374
House D,73,Cold,72,16,5.9389411403,4.16834,4.18804,0.48427,0.42027,2.876051026,2.0186020118,1.7601075708,0.593894114,0.416834,0.418804
House D,71.1,Cold,72,17,6.0483354581,4.29244,4.29361,0.58161,0.5295,3.5177723858,2.4965260284,2.273466495,0.6048335458,0.429244,0.429361
House D,66.9,Cold,72,18,5.4746627977,4.29812,4.26431,0.14303,0.1276,0.7830410199,0.6147601036,0.544125956,0.5474662798,0.429812,0.426431
House D,64,Cold,72,19,6.172515783,4.20052,4.20398,0.08294,0.07844,0.511948459,0.3483911288,0.3297601912,0.6172515783,0.420052,0.420398
House D,61,Cold,72,20,5.0990615456,4.05888,4.05696,0.04054,0.04315,0.2067159551,0.1645469952,0.175057824,0.5099061546,0.405888,0.405696
House D,60.1,Cold,72,21,5.1506396958,3.90172,3.85302,0.05449,0.04674,0.280658357,0.2126047228,0.1800901548,0.5150639696,0.390172,0.385302
House D,64,Cold,72,22,5.1560273254,3.53601,3.58311,0.04413,0.03894,0.2275354859,0.1560441213,0.1395263034,0.5156027325,0.353601,0.358311
House D,62.1,Cold,72,23,4.5411933181,3.15319,3.12289,0.04423,0.03589,0.2008569805,0.1394655937,0.1120805221,0.4541193318,0.315319,0.312289
House D,57.2,Cold,72,24,4.3618663265,2.78107,2.72067,0.03237,0.0315,0.141193613,0.0900232359,0.085701105,0.4361866326,0.278107,0.272067
House D,42.1,Cold,74,1,,,2.52577,,0.01907,,,,,,
House D,42.1,Cold,74,2,,,2.24689,,0.00558,,,,,,
House D,39.9,Cold,74,3,,,2.01776,,0.03016,,,,,,
House D,39.2,Cold,74,4,,,1.87487,,0.03114,,,,,,
House D,39,Cold,74,5,,,1.78447,,0.0173,,,,,,
House D,37.9,Cold,74,6,,,1.73412,,0.0313,,,,,,
House D,36,Cold,74,7,,,1.673,,0.0256,,,,,,
House D,42.1,Cold,74,8,,,1.77141,,0.0089,,,,,,
House D,48.9,Cold,74,9,,,1.88258,,0.01887,,,,,,
House D,55.9,Cold,74,10,,,2.19671,,0.0213,,,,,,
House D,62.1,Cold,74,11,,,2.57058,,0.02551,,,,,,
House D,64.9,Cold,74,12,,,2.99,,0.04746,,,,,,
House D,70,Cold,74,13,5.2903964969,3.36471,3.36677,0.05217,0.05893,0.2759999852,0.1755369207,0.1984037561,0.5290396497,0.336471,0.336677
House D,72,Cold,74,14,5.5654648245,3.69351,3.69596,0.61268,0.05819,3.4098489887,2.2629397068,0.2150679124,0.5565464824,0.369351,0.369596
House D,73,Cold,74,15,4.9992602329,3.97617,3.96763,0.09715,0.14244,0.4856781316,0.3862849155,0.5651492172,0.4999260233,0.397617,0.396763
House D,73,Cold,74,16,5.5523405479,4.11397,4.1398,0.48427,0.42027,2.6888319571,1.9922722519,1.739833746,0.5552340548,0.411397,0.41398
House D,71.1,Cold,74,17,5.888468501,4.19782,4.21262,0.58161,0.5295,3.4247921649,2.4414940902,2.23058229,0.5888468501,0.419782,0.421262
House D,66.9,Cold,74,18,5.7596516694,4.26483,4.27528,0.14303,0.1276,0.8238029783,0.6099986349,0.545525728,0.5759651669,0.426483,0.427528
House D,64,Cold,74,19,5.5876850884,4.18191,4.18522,0.08294,0.07844,0.4634426012,0.3468476154,0.3282886568,0.5587685088,0.418191,0.418522
House D,61,Cold,74,20,5.7650545865,4.00373,4.00971,0.04054,0.04315,0.2337153129,0.1623112142,0.1730189865,0.5765054587,0.400373,0.400971
House D,60.1,Cold,74,21,5.5379513141,3.8129,3.8526,0.05449,0.04674,0.3017629671,0.207764921,0.180070524,0.5537951314,0.38129,0.38526
House D,64,Cold,74,22,4.5690785112,3.4427,3.4772,0.04413,0.03894,0.2016334347,0.151926351,0.135402168,0.4569078511,0.34427,0.34772
House D,62.1,Cold,74,23,4.6045753548,3.08703,3.05523,0.04423,0.03589,0.2036603679,0.1365393369,0.1096522047,0.4604575355,0.308703,0.305523
House D,57.2,Cold,74,24,4.3875082578,2.60071,2.69711,0.03237,0.0315,0.1420236423,0.0841849827,0.084958965,0.4387508258,0.260071,0.269711
House D,42.1,Cold,76,1,,,2.31893,,0.01907,,,,,,
House D,42.1,Cold,76,2,,,2.05869,,0.00558,,,,,,
House D,39.9,Cold,76,3,,,1.90975,,0.03016,,,,,,
House D,39.2,Cold,76,4,,,1.72905,,0.03114,,,,,,
House D,39,Cold,76,5,,,1.68386,,0.0173,,,,,,
House D,37.9,Cold,76,6,,,1.68378,,0.0313,,,,,,
House D,36,Cold,76,7,,,1.72653,,0.0256,,,,,,
House D,42.1,Cold,76,8,,,1.80305,,0.0089,,,,,,
House D,48.9,Cold,76,9,,,1.85222,,0.01887,,,,,,
House D,55.9,Cold,76,10,,,1.97896,,0.0213,,,,,,
House D,62.1,Cold,76,11,,,2.35729,,0.02551,,,,,,
House D,64.9,Cold,76,12,,,2.8237,,0.04746,,,,,,
House D,70,Cold,76,13,4.4526374176,3.25014,3.26154,0.05217,0.05893,0.2322940941,0.1695598038,0.1922025522,0.4452637418,0.325014,0.326154
House D,72,Cold,76,14,4.869623648,3.65742,3.65285,0.61268,0.05819,2.9835210167,2.2408280856,0.2125593415,0.4869623648,0.365742,0.365285
House D,73,Cold,76,15,5.3606075643,3.95939,3.95644,0.09715,0.14244,0.5207830249,0.3846547385,0.5635553136,0.5360607564,0.395939,0.395644
House D,73,Cold,76,16,5.6024867155,4.21578,4.20004,0.48427,0.42027,2.7131162417,2.0415757806,1.7651508108,0.5602486715,0.421578,0.420004
House D,71.1,Cold,76,17,5.3974810907,4.3291,4.30837,0.58161,0.5295,3.1392289772,2.517847851,2.281281915,0.5397481091,0.43291,0.430837
House D,66.9,Cold,76,18,6.1424697858,4.39827,4.39417,0.14303,0.1276,0.8785574535,0.6290845581,0.560696092,0.6142469786,0.439827,0.439417
House D,64,Cold,76,19,5.3696689721,4.32115,4.31626,0.08294,0.07844,0.4453603445,0.358396181,0.3385674344,0.5369668972,0.432115,0.431626
House D,61,Cold,76,20,5.4874584354,4.13289,4.12079,0.04054,0.04315,0.222461565,0.1675473606,0.1778120885,0.5487458435,0.413289,0.412079
House D,60.1,Cold,76,21,5.6158895624,3.9431,3.9202,0.05449,0.04674,0.3060098223,0.214859519,0.183230148,0.5615889562,0.39431,0.39202
House D,64,Cold,76,22,5.2415043337,3.53136,3.62986,0.04413,0.03894,0.2313075862,0.1558389168,0.1413467484,0.5241504334,0.353136,0.362986
House D,62.1,Cold,76,23,4.5541733265,3.27055,3.25315,0.04423,0.03589,0.2014310862,0.1446564265,0.1167555535,0.4554173326,0.327055,0.325315
House D,57.2,Cold,76,24,4.5403381691,2.88616,2.84806,0.03237,0.0315,0.1469707465,0.0934249992,0.08971389,0.4540338169,0.288616,0.284806
House D,93,Hot,72,1,,,2.508,,0.02897,,,,,,
House D,91,Hot,72,2,,,2.231,,0.02519,,,,,,
House D,90,Hot,72,3,,,2.031,,0.02447,,,,,,
House D,91,Hot,72,4,,,1.881,,0.02334,,,,,,
House D,90,Hot,72,5,,,1.748,,0.02317,,,,,,
House D,89.1,Hot,72,6,,,1.703,,0.024,,,,,,
House D,87.1,Hot,72,7,,,1.631,,0.02456,,,,,,
House D,88,Hot,72,8,,,1.768,,0.02522,,,,,,
House D,90,Hot,72,9,,,1.876,,0.02657,,,,,,
House D,93,Hot,72,10,,,2.156,,0.03097,,,,,,
House D,96.1,Hot,72,11,,,2.566,,0.03677,,,,,,
House D,99,Hot,72,12,,,3.037,,0.04418,,,,,,
House D,102.2,Hot,72,13,4.7583358932,3.43444,3.434,0.05125,0.05032,0.2438647145,0.17601505,0.17279888,0.4758335893,0.343444,0.3434
House D,104,Hot,72,14,4.995668727,3.79504,3.798,0.6245,0.06516,3.11979512,2.37000248,0.24747768,0.4995668727,0.379504,0.3798
House D,106,Hot,72,15,5.3774468549,4.04062,4.047,0.0834,0.12441,0.4484790677,0.336987708,0.50348727,0.5377446855,0.404062,0.4047
House D,106,Hot,72,16,5.707190104,4.17753,4.187,0.495,0.423,2.8250591015,2.06787735,1.771101,0.5707190104,0.417753,0.4187
House D,107.1,Hot,72,17,5.7034338122,4.3,4.291,0.583,0.529,3.3251019125,2.5069,2.269939,0.5703433812,0.43,0.4291
House D,105.1,Hot,72,18,5.52450997,4.28082,4.274,0.1534,0.13459,0.8474598294,0.656677788,0.57523766,0.552450997,0.428082,0.4274
House D,105.1,Hot,72,19,5.6952371812,4.18809,4.197,0.0734,0.07174,0.4180304091,0.307405806,0.30109278,0.5695237181,0.418809,0.4197
House D,102.2,Hot,72,20,5.6339142442,4.05889,4.058,0.0432,0.05249,0.2433850953,0.175344048,0.21300442,0.5633914244,0.405889,0.4058
House D,99,Hot,72,21,5.8158403001,3.8663,3.853,0.04089,0.04893,0.2378097099,0.158093007,0.18852729,0.58158403,0.38663,0.3853
House D,99,Hot,72,22,5.2259928217,3.5438,3.572,0.04446,0.04307,0.2323476409,0.157557348,0.15384604,0.5225992822,0.35438,0.3572
House D,97,Hot,72,23,4.8846389151,3.136,3.113,0.03512,0.03954,0.1715485187,0.11013632,0.12308802,0.4884638915,0.3136,0.3113
House D,96.1,Hot,72,24,3.9158876921,2.6506,2.715,0.03057,0.03375,0.1197086867,0.081028842,0.09163125,0.3915887692,0.26506,0.2715
House D,93,Hot,74,1,,,2.532,,0.02897,,,,,,
House D,91,Hot,74,2,,,2.241,,0.02519,,,,,,
House D,90,Hot,74,3,,,2.019,,0.02447,,,,,,
House D,91,Hot,74,4,,,1.887,,0.02334,,,,,,
House D,90,Hot,74,5,,,1.782,,0.02317,,,,,,
House D,89.1,Hot,74,6,,,1.746,,0.024,,,,,,
House D,87.1,Hot,74,7,,,1.657,,0.02456,,,,,,
House D,88,Hot,74,8,,,1.786,,0.02522,,,,,,
House D,90,Hot,74,9,,,1.887,,0.02657,,,,,,
House D,93,Hot,74,10,,,2.209,,0.03097,,,,,,
House D,96.1,Hot,74,11,,,2.581,,0.03677,,,,,,
House D,99,Hot,74,12,,,2.972,,0.04418,,,,,,
House D,102.2,Hot,74,13,4.7745568016,3.36797,3.366,0.05125,0.05032,0.2446960361,0.1726084625,0.16937712,0.4774556802,0.336797,0.3366
House D,104,Hot,74,14,5.0031412102,3.68938,3.699,0.6245,0.06516,3.1244616857,2.30401781,0.24102684,0.500314121,0.368938,0.3699
House D,106,Hot,74,15,5.5341475888,3.96916,3.975,0.0834,0.12441,0.4615479089,0.331027944,0.49452975,0.5534147589,0.396916,0.3975
House D,106,Hot,74,16,6.0422507505,4.12798,4.136,0.495,0.423,2.9909141215,2.0433501,1.749528,0.6042250751,0.412798,0.4136
House D,107.1,Hot,74,17,6.0241348661,4.19748,4.203,0.583,0.529,3.512070627,2.44713084,2.223387,0.6024134866,0.419748,0.4203
House D,105.1,Hot,74,18,5.648011609,4.2787,4.275,0.1534,0.13459,0.8664049808,0.65635258,0.57537225,0.5648011609,0.42787,0.4275
House D,105.1,Hot,74,19,5.5314873523,4.17819,4.182,0.0734,0.07174,0.4060111717,0.306679146,0.30001668,0.5531487352,0.417819,0.4182
House D,102.2,Hot,74,20,5.6120763128,4.00406,3.999,0.0432,0.05249,0.2424416967,0.172975392,0.20990751,0.5612076313,0.400406,0.3999
House D,99,Hot,74,21,4.889868996,3.8011,3.842,0.04089,0.04893,0.1999467432,0.155426979,0.18798906,0.4889868996,0.38011,0.3842
House D,99,Hot,74,22,4.9779833304,3.5441,3.477,0.04446,0.04307,0.2213211389,0.157570686,0.14975439,0.497798333,0.35441,0.3477
House D,97,Hot,74,23,4.7897599078,2.9917,3.049,0.03512,0.03954,0.168216368,0.105068504,0.12055746,0.4789759908,0.29917,0.3049
House D,96.1,Hot,74,24,4.3037157405,2.6557,2.682,0.03057,0.03375,0.1315645902,0.081184749,0.0905175,0.4303715741,0.26557,0.2682
House D,93,Hot,76,1,,,2.321,,0.02897,,,,,,
House D,91,Hot,76,2,,,2.045,,0.02519,,,,,,
House D,90,Hot,76,3,,,1.907,,0.02447,,,,,,
House D,91,Hot,76,4,,,1.738,,0.02334,,,,,,
House D,90,Hot,76,5,,,1.682,,0.02317,,,,,,
House D,89.1,Hot,76,6,,,1.68,,0.024,,,,,,
House D,87.1,Hot,76,7,,,1.722,,0.02456,,,,,,
House D,88,Hot,76,8,,,1.81,,0.02522,,,,,,
House D,90,Hot,76,9,,,1.843,,0.02657,,,,,,
House D,93,Hot,76,10,,,1.975,,0.03097,,,,,,
House D,96.1,Hot,76,11,,,2.357,,0.03677,,,,,,
House D,99,Hot,76,12,,,2.836,,0.04418,,,,,,
House D,102.2,Hot,76,13,4.8962039439,3.25159,3.254,0.05125,0.05032,0.2509304521,0.1666439875,0.16374128,0.4896203944,0.325159,0.3254
House D,104,Hot,76,14,4.7517558069,3.64688,3.649,0.6245,0.06516,2.9674715014,2.27747656,0.23776884,0.4751755807,0.364688,0.3649
House D,106,Hot,76,15,5.3869132947,3.94739,3.945,0.0834,0.12441,0.4492685688,0.329212326,0.49079745,0.5386913295,0.394739,0.3945
House D,106,Hot,76,16,5.6476206695,4.20914,4.201,0.495,0.423,2.7955722314,2.0835243,1.777023,0.564762067,0.420914,0.4201
House D,107.1,Hot,76,17,5.8548836709,4.31688,4.318,0.583,0.529,3.4133971801,2.51674104,2.284222,0.5854883671,0.431688,0.4318
House D,105.1,Hot,76,18,5.8830788075,4.40098,4.394,0.1534,0.13459,0.9024642891,0.675110332,0.59138846,0.5883078808,0.440098,0.4394
House D,105.1,Hot,76,19,5.5213780988,4.32579,4.327,0.0734,0.07174,0.4052691524,0.317512986,0.31041898,0.5521378099,0.432579,0.4327
House D,102.2,Hot,76,20,5.2349280639,4.11655,4.113,0.0432,0.05249,0.2261488924,0.17783496,0.21589137,0.5234928064,0.411655,0.4113
House D,99,Hot,76,21,5.1806190254,3.8926,3.926,0.04089,0.04893,0.2118355119,0.159168414,0.19209918,0.5180619025,0.38926,0.3926
House D,99,Hot,76,22,5.5351288075,3.5491,3.635,0.04446,0.04307,0.2460918268,0.157792986,0.15655945,0.5535128808,0.35491,0.3635
House D,97,Hot,76,23,4.7406910873,3.2698,3.264,0.03512,0.03954,0.166493071,0.114835376,0.12905856,0.4740691087,0.32698,0.3264
House D,96.1,Hot,76,24,4.8213332519,2.7927,2.842,0.03057,0.03375,0.1473881575,0.085372839,0.0959175,0.4821333252,0.27927,0.2842
House D,69.1,Normal,72,1,,,2.51568,,0.02801,,,,,,
House D,66.9,Normal,72,2,,,2.23387,,0.01557,,,,,,
House D,64.9,Normal,72,3,,,2.02674,,0.02882,,,,,,
House D,66.2,Normal,72,4,,,1.88676,,0.03295,,,,,,
House D,64,Normal,72,5,,,1.74069,,0.02559,,,,,,
House D,62.6,Normal,72,6,,,1.69475,,0.02597,,,,,,
House D,68,Normal,72,7,,,1.63212,,0.02125,,,,,,
House D,66.9,Normal,72,8,,,1.75943,,0.01583,,,,,,
House D,69.1,Normal,72,9,,,1.8718,,0.01724,,,,,,
House D,72,Normal,72,10,,,2.1465,,0.03097,,,,,,
House D,75.9,Normal,72,11,,,2.56222,,0.03415,,,,,,
House D,80.1,Normal,72,12,,,3.03516,,0.04353,,,,,,
House D,82.9,Normal,72,13,5.0053358766,3.44076,3.43015,0.05563,0.05889,0.2784468348,0.1914094788,0.2020015335,0.5005335877,0.344076,0.343015
House D,84.9,Normal,72,14,5.5172081205,3.78614,3.80491,0.61712,0.06782,3.4047794754,2.3365027168,0.2580489962,0.5517208121,0.378614,0.380491
House D,86,Normal,72,15,6.0490466804,4.0414,4.05484,0.09114,0.13435,0.5513101145,0.368333196,0.544767754,0.604904668,0.40414,0.405484
House D,86,Normal,72,16,6.0313424245,4.17644,4.19651,0.48537,0.41882,2.9274326726,2.0271186828,1.7575823182,0.6031342424,0.417644,0.419651
House D,87.1,Normal,72,17,5.6978594272,4.3013,4.29955,0.58949,0.53457,3.3588311538,2.535573337,2.2984104435,0.5697859427,0.43013,0.429955
House D,86,Normal,72,18,5.6613110805,4.28942,4.26786,0.15233,0.12869,0.8623875169,0.6534073486,0.5492309034,0.5661311081,0.428942,0.426786
House D,81,Normal,72,19,5.2928837327,4.19634,4.19507,0.07549,0.07651,0.399559793,0.3167817066,0.3209648057,0.5292883733,0.419634,0.419507
House D,77,Normal,72,20,6.0219657762,4.06606,4.05984,0.03818,0.0467,0.2299186533,0.1552421708,0.189594528,0.6021965776,0.406606,0.405984
House D,79,Normal,72,21,4.9848566737,3.94801,3.85021,0.04169,0.04682,0.2078186747,0.1645925369,0.1802668322,0.4984856674,0.394801,0.385021
House D,75,Normal,72,22,4.8061563885,3.54439,3.57909,0.03939,0.03477,0.1893145001,0.1396135221,0.1244449593,0.4806156389,0.354439,0.357909
House D,73.9,Normal,72,23,4.814523722,3.19105,3.11315,0.05256,0.04409,0.2530513668,0.167721588,0.1372587835,0.4814523722,0.319105,0.311315
House D,72,Normal,72,24,3.8817931971,2.76233,2.72343,0.0261,0.02734,0.1013148024,0.072096813,0.0744585762,0.3881793197,0.276233,0.272343
House D,69.1,Normal,74,1,,,2.52207,,0.02801,,,,,,
House D,66.9,Normal,74,2,,,2.24819,,0.01557,,,,,,
House D,64.9,Normal,74,3,,,2.01659,,0.02882,,,,,,
House D,66.2,Normal,74,4,,,1.88325,,0.03295,,,,,,
House D,64,Normal,74,5,,,1.79085,,0.02559,,,,,,
House D,62.6,Normal,74,6,,,1.74384,,0.02597,,,,,,
House D,68,Normal,74,7,,,1.66398,,0.02125,,,,,,
House D,66.9,Normal,74,8,,,1.77754,,0.01583,,,,,,
House D,69.1,Normal,74,9,,,1.88312,,0.01724,,,,,,
House D,72,Normal,74,10,,,2.20066,,0.03097,,,,,,
House D,75.9,Normal,74,11,,,2.57718,,0.03415,,,,,,
House D,80.1,Normal,74,12,,,2.9815,,0.04353,,,,,,
House D,82.9,Normal,74,13,5.267740633,3.37159,3.36529,0.05563,0.05889,0.2930444114,0.1875615517,0.1981819281,0.5267740633,0.337159,0.336529
House D,84.9,Normal,74,14,5.5052880253,3.69733,3.70109,0.61712,0.06782,3.3974233462,2.2816962896,0.2510079238,0.5505288025,0.369733,0.370109
House D,86,Normal,74,15,5.2791026243,3.97524,3.97687,0.09114,0.13435,0.4811374132,0.3623033736,0.5342924845,0.5279102624,0.397524,0.397687
House D,86,Normal,74,16,6.1153631624,4.12376,4.14332,0.48537,0.41882,2.9682138181,2.0015493912,1.7353052824,0.6115363162,0.412376,0.414332
House D,87.1,Normal,74,17,6.0964234902,4.18954,4.20714,0.58949,0.53457,3.5937806832,2.4696919346,2.2490108298,0.609642349,0.418954,0.420714
House D,86,Normal,74,18,5.605357901,4.26962,4.27598,0.15233,0.12869,0.8538641691,0.6503912146,0.5502758662,0.5605357901,0.426962,0.427598
House D,81,Normal,74,19,6.0540783751,4.18771,4.18677,0.07549,0.07651,0.4570223765,0.3161302279,0.3203297727,0.6054078375,0.418771,0.418677
House D,77,Normal,74,20,5.2912139622,4.00069,3.99995,0.03818,0.0467,0.2020185491,0.1527463442,0.186797665,0.5291213962,0.400069,0.399995
House D,79,Normal,74,21,5.7682183539,3.88082,3.84462,0.04169,0.04682,0.2404770232,0.1617913858,0.1800051084,0.5768218354,0.388082,0.384462
House D,75,Normal,74,22,4.5116544769,3.50707,3.47067,0.03939,0.03477,0.1777140698,0.1381434873,0.1206751959,0.4511654477,0.350707,0.347067
House D,73.9,Normal,74,23,4.6683658655,3.15314,3.05604,0.05256,0.04409,0.2453693099,0.1657290384,0.1347408036,0.4668365866,0.315314,0.305604
House D,72,Normal,74,24,4.2048552078,2.61917,2.69127,0.0261,0.02734,0.1097467209,0.068360337,0.0735793218,0.4204855208,0.261917,0.269127
House D,69.1,Normal,76,1,,,2.32741,,0.02801,,,,,,
House D,66.9,Normal,76,2,,,2.0548,,0.01557,,,,,,
House D,64.9,Normal,76,3,,,1.91369,,0.02882,,,,,,
House D,66.2,Normal,76,4,,,1.73126,,0.03295,,,,,,
House D,64,Normal,76,5,,,1.68268,,0.02559,,,,,,
House D,62.6,Normal,76,6,,,1.68913,,0.02597,,,,,,
House D,68,Normal,76,7,,,1.71855,,0.02125,,,,,,
House D,66.9,Normal,76,8,,,1.81009,,0.01583,,,,,,
House D,69.1,Normal,76,9,,,1.85148,,0.01724,,,,,,
House D,72,Normal,76,10,,,1.98004,,0.03097,,,,,,
House D,75.9,Normal,76,11,,,2.35383,,0.03415,,,,,,
House D,80.1,Normal,76,12,,,2.82646,,0.04353,,,,,,
House D,82.9,Normal,76,13,5.0374621516,3.24948,3.26186,0.05563,0.05889,0.2802340195,0.1807685724,0.1920909354,0.5037462152,0.324948,0.326186
House D,84.9,Normal,76,14,4.9505183922,3.6548,3.65491,0.61712,0.06782,3.0550639102,2.255450176,0.2478759962,0.4950518392,0.36548,0.365491
House D,86,Normal,76,15,4.9802032633,3.95173,3.94983,0.09114,0.13435,0.4538957254,0.3601606722,0.5306596605,0.4980203263,0.395173,0.394983
House D,86,Normal,76,16,5.6724592224,4.21462,4.20789,0.48537,0.41882,2.7532415328,2.0456501094,1.7623484898,0.5672459222,0.421462,0.420789
House D,87.1,Normal,76,17,6.2706105258,4.32221,4.30996,0.58949,0.53457,3.6964621988,2.5478995729,2.3039753172,0.6270610526,0.432221,0.430996
House D,86,Normal,76,18,5.5118675317,4.40151,4.39416,0.15233,0.12869,0.8396227811,0.6704820183,0.5654844504,0.5511867532,0.440151,0.439416
House D,81,Normal,76,19,5.4123517639,4.33099,4.3216,0.07549,0.07651,0.4085784347,0.3269464351,0.330645616,0.5412351764,0.433099,0.43216
House D,77,Normal,76,20,5.7670748602,4.12499,4.11317,0.03818,0.0467,0.2201869182,0.1574921182,0.192085039,0.576707486,0.412499,0.411317
House D,79,Normal,76,21,5.8823161307,4.00276,3.91686,0.04169,0.04682,0.2452337595,0.1668750644,0.1833873852,0.5882316131,0.400276,0.391686
House D,75,Normal,76,22,5.212804154,3.58239,3.63769,0.03939,0.03477,0.2053323556,0.1411103421,0.1264824813,0.5212804154,0.358239,0.363769
House D,73.9,Normal,76,23,4.6259114588,3.31502,3.26202,0.05256,0.04409,0.2431379063,0.1742374512,0.1438224618,0.4625911459,0.331502,0.326202
House D,72,Normal,76,24,4.8304521508,2.93571,2.85061,0.0261,0.02734,0.1260748011,0.076622031,0.0779356774,0.4830452151,0.293571,0.285061
